,filename,timestamp,NewDAQ?,Records,Saved Where?,Level 1 Start Interval,Level 1 Stop Interval,redo,Cavity Freq (GHz),LO (GHz),BW (MHz),Q,VNA pic name,Loss,Where  Cavity Should Be (MHz),Clmn,Switch In?,TestTone,Temps Vary by More than 1 K?,Cavity Goes Under/Comes out from Under during Run?,Comments,Analyzed?,Number of Usable Records,Standard Deviation,Limit,33.352,-548.000000000002,,1,,,1,34.007
,Nov19-12-35-35,11-19-12-35-35,no,50,-1,,,,,30.445,,,,,,,no,,,,for some reason only raw1 files were saved so couldn't use these files,,,,,33.753,-146.999999999998,,1,,,1,34.5
,Nov19-12-42-03,11-19-12-42-03,no,50,2,,,,,30.445,,,,,,,no,,,,saved where reads as -1 to indicate they can't be found,,,,,33.823,-76.9999999999982,0.07,1,,,1,34.495
, Nov19-12-47-56, 11-19-12-47-56,no,200,2,,,,,30.445,,,,,,,no,,,,,,,,,33.823,-76.9999999999982,0,1,,,1,34.517
, Nov19-01-26-43,11-19-01-26-43,no,50,-1,,,,,30.445,,,,,,,no,,,,,,,,,33.823,-76.9999999999982,0,1,,,1,34.513
,Nov19-01-34-34,11-19-01-34-34,no,50,-1,,,,,30.445,,,,,,,no,,,,,,,,,33.823,-76.9999999999982,0,1,,,1,34.506
,Nov19-01-40-59,11-19-01-40-59,no,50,-1,,,,,30.445,,,,,,,no,,,,,,,,,33.8376,-62.3999999999967,0.014600000000002,1,,,1,34.504
1,Nov19-02-13-31,11-19-14-13-31,no,100,-1,,,,33.823,29.729,,,,,4.094,,no,,,,,,,,,33.8386,-61.399999999999,0.000999999999998,1,,,1,34.501
1,Nov19-02-25-22,11-19-14-25-22,no,200,-1,,,,33.823,29.729,,,,,4.094,,no,,,,,,,,,33.8487,-51.2999999999977,0.010100000000001,1,,,1,34.501
1,Nov19-03-05-10,11-19-15-05-10,no,200,0,,,,33.823,29.729,,,,,4.094,,no,,,,,,,,,33.865,-34.9999999999966,0.016300000000001,1,,,1,34.493
1,Nov19-03-42-54,11-19-15-42-54,no,100,0,,,,33.823,29.729,,,,,4.094,,no,,,,,,,,,33.9,0,0.034999999999997,1,,,1,34.481
1,Nov19-04-10-19,11-19-16-10-19,no,200,1,,,,33.8376,29.745,,,,,4.0926,,no,,,,,,,,,33.903,3.00000000000011,0.003,1,,,1,34.476
1,Nov19-04-41-35,11-19-16-41-35,no,200,1,,,,33.8386,29.746,,,,,4.0926,,no,,,,,,,,,33.905,5.00000000000256,0.003,1,,,1,34.47
1,Nov20-12-28-20,11-20-00-28-20,no,200,1,,,,34.007,29.914,,,,,4.093,,yes,,,,,,,,,33.907,6.9999999999979,0.001999999999995,1,,,1,34.467
1,Nov20-01-02-46,11-20-01-02-46,no,700,1,,,1,34.007,29.914,,,,,4.093,,yes,,,,,,,,,33.909,9.00000000000034,0.002000000000002,1,,,1,34.455
1, Nov20-03-06-15,11-20-03-06-15,no,700,1,,,,34.008,29.915,,,,,3.00000000000367,,yes,,,,,,,,,33.911,11.0000000000028,0.002000000000002,1,,,1,34.428
1,Nov20-05-13-42,11-20-05-13-42,no,300,1,,,,33.8487,29.914,,,,,-155.3,,yes,,,,,,,,,33.913,12.9999999999981,0.001999999999995,1,,,1,34.072
1,Nov20-06-16-42 ,11-20-06-16-42 ,no,1000,2,,,,34.006,29.7565,,,,,159.500000000001,,yes,,,,,,,,,33.915,15.0000000000006,0.002000000000002,1,,,1,34.063
1,Nov20-11-07-05 ,11-20-11-07-05 ,no,1000,2,,,,33.352,29.2585,,,,,3.4999999999954,,no,,,,,,,,,33.92,20.0000000000031,0.005000000000003,1,,,1,33.947
1,Nov20-02-02-20 ,11-20-14-02-20 ,no,1000,2,,,,,,,,,,-4090,,no,,,,,,,,,33.923,23.0000000000032,,1,,,1,34.452
1,Nov20-05-05-16 ,11-20-17-05-16 ,no,2000,3,,,,,29.2585,,,,,-33348.5,,no,,,,,,,,,33.927,27.000000000001,0.003999999999998,1,,,1,34.452
1,Nov21-06-50-39,11-21-18-50-39,no,3500,4,,,1,34.5,30.4085,4.4046,7832.7,11_21_13/2nd pic,,1.50000000000006,,no,,,,,,,,,33.931,30.9999999999988,0.003999999999998,1,,,1,34.451
1,Nov22-11-19-43,11-22-11-19-43,no,1000,5,,,1,34.495,30.404,4.1667,8278.7,11_22_13/1st pic,,0.999999999997669,,no,,yes,,,,,,,33.931,30.9999999999988,0,1,,,1,34.447
1,Nov22-02-08-23,11-22-14-08-23,no,1000,5,,,,34.495,30.404,4.1667,8278.7,11_22_13/1st pic,,0.999999999997669,,no,,,,,,,,,33.935,35.0000000000037,0.004000000000005,1,,,1,34.444
1,Nov22-05-01-30,11-22-17-01-30,no,2000,5,,,,34.495,30.404,4.1667,8278.7,11_22_13/1st pic,,0.999999999997669,,no,,,,,,,,,33.938,38.0000000000038,0.003,1,,,1,34.436
2,Dec03-01-48-03,12-03-13-48-03,yes,100,6,,,,34.522,30.428,4.4638,7733.8,12_3_13/1st pic,,3.99999999999778,,no,,,,,,,,,33.942,42.0000000000016,0.003999999999998,1,,,1,34.425
2,Dec03-01-49-20,12-03-13-49-20,yes,4484,6,1,780,,34.522,30.428,4.4638,7733.8,12_3_13/1st pic,,3.99999999999778,,no,,,,,,,,,33.9435,43.5000000000016,0.0015,1,,,1,34.413
2,Dec03-02-12-01,12-03-14-12-01,yes,4000,6,1,696,,34.522,30.428,4.4638,7733.8,12_3_13/1st pic,,3.99999999999778,,no,,,,,,,,,33.945,45.0000000000017,0.0015,1,,,1,34.411
2,Dec03-02-31-39,12-03-14-31-39,yes,5000,6,1,870,,34.522,30.428,4.4638,7733.8,12_3_13/1st pic,,3.99999999999778,,no,,,,,,,,,33.947,47.0000000000042,0.002000000000002,1,,,1,34.404
2,Dec03-02-54-37,12-03-14-54-37,yes,8000,6,1,1393,,34.522,30.428,4.4638,7733.8,12_3_13/1st pic,,3.99999999999778,,no,,,,,,,,,33.947,47.0000000000042,0,1,,,1,34.34
2,Dec03-03-41-45,12-03-15-41-45,yes,10000,6,1,1741,,34.517,30.426,,,,,1.00000000000477,,no,,,,,,,,,33.95,50.0000000000043,0.003,1,,,1,34.335
2,Dec03-04-28-55,12-03-16-28-55,yes,15000,6,1,261,1,34.517,30.426,,,,,1.00000000000477,,no,,yes,,,,,,,33.952,51.9999999999996,0.001999999999995,1,,,1,34.331
2,Dec03-05-51-02,12-03-17-51-02,yes,5000,6,1,87,,34.517,30.426,,,,,1.00000000000477,,no,,,,,,,,,33.955,54.9999999999997,0.003,1,,,1,34.321
2,Dec03-06-24-37,12-03-18-24-37,yes,10000,6,1,174,1,34.513,30.421,5.0405,6487,12_3_13/3rd pic,,1.99999999999889,,no,,,,,,,,,33.956,56.0000000000045,0.001000000000005,1,,,1,34.318
2,Dec03-07-20-27,12-03-19-20-27,yes,10000,5,1,174,,34.513,30.421,5.0405,6487,12_3_13/3rd pic,,1.99999999999889,,no,,,,,,,,,33.96,60.0000000000023,0.003999999999998,1,,,1,34.311
2,Dec03-08-19-54,12-03-20-19-54,yes,20000,5,1,348,,34.509,30.417,5.2764,6540.3,12_3_13/4th pic,,1.99999999999889,,no,,,,,,,,,33.963,63.0000000000024,0.003,1,,,1,33.753
2,Dec03-09-59-53,12-03-21-59-53,yes,20000,5,1,348,1,34.506,30.414,5.3953,6395.6,12_3_13/5th pic,,1.99999999999889,,no,,,,,,,,,33.964,64.0000000000001,0.000999999999998,1,,,1,34.3
2,Dec03-11-44-00,12-03-23-44-00,yes,20000,5,1,50,1,34.504,30.412,4.955,6963.3,12_3_13/6th pic,,1.99999999999889,,no,,,,,,,,,33.964,64.0000000000001,0,1,,,1,33.865
2,Dec04-01-21-39,12-04-01-21-39,yes,28600,3,1,218,1,34.501,30.41,4.5697,7550,12_3_13/7th pic,,0.999999999997669,,no,,,,,,,,,33.966,66.0000000000025,0.002000000000002,1,,,1,34.274
2,Dec04-03-24-30,12-04-03-24-30,yes,25000,3,1,435,1,34.501,30.41,4.5697,7550,12_3_13/7th pic,,0.999999999997669,,no,,,,,,,,,33.967,67.0000000000002,0.000999999999998,1,,,1,34.241
2,Dec04-12-32-01,12-04-12-32-01,yes,15000,3,1,261,,34.496,30.4045,4.3035,8015.7,12_3_13/8th pic,,1.50000000000361,,no,,,,,,,,,33.968,68.000000000005,0.001000000000005,1,,,1,34.239
2,Dec04-01-42-11,12-04-13-42-11,yes,12000,3,1,200,1,34.493,30.4025,4.3933,7851.3,12_3_13/9th pic,,0.500000000002387,,no,,,,,,,,,33.97,70.0000000000003,0.001999999999995,1,,,1,34.132
2,Dec04-04-59-11,12-04-16-59-11,yes,6428,3,1,110,,34.489,30.3985,4.4482,7753.6,12_3_13/10th pic,,0.499999999998835,,no,,,,,,,,,33.971,70.999999999998,0.000999999999998,1,,,1,34.13
2,Dec04-05-30-35,12-04-17-30-35,yes,7000,3,1,121,,34.489,30.3985,4.4482,7753.6,12_3_13/10th pic,,0.499999999998835,,no,,,,,,,,,33.972,72.0000000000027,0.001000000000005,1,,,1,34.127
2,Dec04-06-07-37,12-04-18-07-37,yes,7000,3,1,121,,34.489,30.3985,4.4482,7753.6,12_3_13/10th pic,,0.499999999998835,,no,,,,,,,,,33.975,75.0000000000028,0.003,1,,,1,34.117
2,Dec04-06-49-51,12-04-18-49-51,yes,7766,3,1,135,,34.485,30.3935,4.9138,7017.9,12_3_13/11th pic,,1.50000000000006,,no,,,,,,,,,33.975,75.0000000000028,0,1,,,1,34.115
2,Dec04-07-37-58,12-04-19-37-58,yes,7129,3,1,124,,34.485,30.3935,4.9138,7017.9,12_3_13/11th pic,,1.50000000000006,,no,,,,,,,,,33.978,78.000000000003,0.003,1,,,1,34.109
2,Dec04-08-09-08,12-04-20-09-08,yes,2000,3,1,34,,34.485,30.3935,4.9138,7017.9,12_3_13/11th pic,,1.50000000000006,,no,,,,,,,,,33.981,81.0000000000031,0.003,1,,,1,34.105
2,Dec04-09-01-23,12-04-21-01-23,yes,15000,3,1,261,1,34.481,30.3885,5.2005,6630.3,12_3_13/12th pic,,2.50000000000128,,no,,,,,,,,,33.983,82.9999999999984,0.001999999999995,1,,,1,34.101
2,Dec04-10-16-09,12-04-22-16-09,yes,15000,3,2,258,1,34.476,30.3855,4.6614,7396.1,12_3_13/13th pic,,0.499999999998835,,no,,,,,,,,,33.985,85.0000000000008,0.002000000000002,redo,,,1,34.1
2,Dec04-11-33-24,12-04-23-33-24,yes,15000,3,1,236,1,34.47,30.379,4.495,7668.6,12_3_13/14th pic,,0.999999999997669,,no,,,,,,,,,33.987,87.0000000000033,0.002000000000002,,,,1,34.098
2,Dec05-01-14-39 ,12-05-01-14-39 ,yes,15000,5,1,25,1,34.467,30.377,4.5364,7597.9,12_5_13/1st pic,,0,,no,,,,,,,,,33.99,90.0000000000034,0.003,,,,1,34.095
2,Dec05-02-28-15 ,12-05-02-28-15 ,yes,10658,5,1,185,,34.459,30.368,4.3858,7857,12_5_13/2nd pic,,1.00000000000477,,no,,,,,,,,,33.995,94.9999999999989,0.004999999999995,,,,1,34.089
2,Dec05-11-37-14,12-05-11-37-14,yes,15000,5,1,70,1,34.455,30.356,,,,,8.99999999999679,,no,,,,,,,,,33.996,96.0000000000036,0.001000000000005,,,,1,34.071
2,Dec05-03-08-28,12-05-15-08-28,yes,3700,6,1,56,1,34.428,30.336,3.9723,8667,12_5_13/6th pic,,1.99999999999889,,no,,,,,,,,,33.997,97.0000000000013,0.000999999999998,,,,1,34.005
2,Dec05-03-56-10,12-05-15-56-10,yes,15000,6,1,261,,34.428,30.336,3.9723,8667,12_5_13/6th pic,,1.99999999999889,,no,,,,,,,,,33.999,99.0000000000038,0.002000000000002,,,,2,34.047
2,Dec05-05-06-25,12-05-17-06-25,yes,15000,6,1,261,,34.421,30.329,2.6892,12800,12_5_13/7th pic,,1.99999999999889,,no,,,,,,,,,34.002,102.000000000004,0.003,,,,2,34.042
2,Dec05-06-25-01,12-05-18-25-01,yes,15000,6,1,261,,34.401,30.31,,,12_5_13/8th pic,,1.00000000000477,,no,,,,,,,,,34.005,105.000000000004,0.003,,,,2,34.03
2,Dec05-07-37-59,12-05-19-37-59,yes,15000,6,,,,34.398,30.305,,,12_5_13/9th pic,,3.00000000000367,,no,,,,,,,,,34.006,106.000000000002,0.000999999999998,,,,2,34.017
2,Dec05-09-08-44,12-05-21-08-44,yes,15000,6,,,,34.356,30.2665,4.7524,7229.1,12_5_13/10th pic,,-0.499999999998835,,no,,,,,,,,,34.006,106.000000000002,0,,,,2,34.008
2,Dec05-10-27-16,12-05-22-27-16,yes,15000,6,,,,34.35,30.2615,4.5841,7493,12_5_13/11th pic,,-1.50000000000006,,no,,,,,,,,,34.007,106.999999999999,0.000999999999998,,,,2,33.995
2,Dec05-11-43-46,12-05-23-43-46,yes,15000,6,,,,34.346,30.2575,,,12_5_13/12th pic,,-1.50000000000361,,no,,,,bandwidth function not set so Q and BW not saved,,,,,34.007,106.999999999999,0,,,,2,33.99
2,Dec06-12-55-44,12-06-00-55-44,yes,7455,6,,,,34.344,30.2555,7.2978,4706,12_5_13/13th pic,,-1.50000000000006,,no,,,,,,,,,34.008,108.000000000004,0.001000000000005,,,,2,33.987
2,Dec06-01-28-08,12-06-01-28-08,yes,2429,6,,,,34.344,30.2555,7.2978,4706,12_5_13/13th pic,,-1.50000000000006,,no,,,,,,,,,34.008,108.000000000004,0,,,,2,33.985
2,Dec06-01-40-12,12-06-01-40-12,yes,11462,6,,,,34.344,30.2555,7.2978,4706,12_5_13/13th pic,,-1.50000000000006,,no,,,,,,,,,34.011,111.000000000004,0.003,,,,2,33.983
2,Dec06-02-36-50,12-06-02-36-50,yes,15000,6,,,,34.338,30.2495,6.0041,5719,12_5_13/14th pic,,-1.50000000000006,,no,,,,,,,,,34.011,111.000000000004,0,,,,2,33.978
2,Dec06-11-48-36,12-06-11-48-36,yes,15000,6,,,,34.11,30.022,4.3232,7890,12_5_13/15th pic,,-1.99999999999889,,no,,,,,,,,,34.014,114.000000000004,0.003,,,,2,33.972
2,Dec06-01-03-14,12-06-13-03-14,yes,15000,6,,,,34.0837,29.995,4.1577,8197.8,12_5_13/16th pic,,-1.30000000000052,,no,,,,,,,,,34.017,117.000000000004,0.003,,,,2,33.911
2,Dec06-02-13-50,12-06-14-13-50,yes,15000,6,,,,34.076,29.988,3.9778,8566.5,12_5_13/17th pic,,-1.99999999999889,,no,,,,,,,,,34.02,120.000000000005,0.003,,,,2,33.903
2,Dec06-03-24-34,12-06-15-24-34,yes,15000,6,,,1,34.072,29.983,4.085,8340.8,12_5_13/18th pic,,-0.999999999997669,,no,,,,,,,,,34.024,124.000000000002,0.003999999999998,,,,2,34.461
2,Dec06-04-43-16,12-06-16-43-16,yes,15000,6,,,1,34.063,29.975,4.342,7844.9,12_5_13/19th pic,,-1.99999999999889,,no,,,,,,,,,34.027,127.000000000002,0.003,,,,2,34.184
2,Dec06-06-06-38,12-06-18-06-38,yes,15000,6,,,,34.006,29.919,4.3391,7837.1,12_5_13/20th pic,,-3.00000000000011,,no,,,,,,,,,34.03,130.000000000003,0.003,,,,2,34.188
2,Dec06-07-24-44 ,12-06-19-24-44 ,yes,15000,6,,,,33.996,29.904,4.3171,7874.9,12_5_13/21st pic,,2.00000000000244,,no,,,,,,,,,34.032,131.999999999998,0.001999999999995,,,,2,34.201
2,Dec06-08-42-44 ,12-06-20-42-44 ,yes,15000,6,,,,33.971,29.878,4.1635,8159.3,12_5_13/22nd pic,,2.99999999999656,,no,,,,,,,,,34.036,136.000000000003,0.004000000000005,,,,2,34.235
2,Dec06-09-57-47 ,12-06-21-57-47 ,yes,15000,6,,,,33.967,29.874,4.2648,7964.4,12_5_13/23rd pic,,3.00000000000011,,no,,,,,,,,,34.039,139.000000000003,0.003,,,,2,34.271
2,Dec06-11-11-59 ,12-06-23-11-59 ,yes,11200,6,,,,33.964,29.872,3.9845,8523.9,12_5_13/24th pic,,1.99999999999889,,no,,,,,,,,,34.042,142.000000000003,0.003,,,,2,34.269
2,Dec07-12-00-59,12-07-00-00-59,yes,5000,6,,,,33.964,29.872,3.9845,8523.9,12_5_13/24th pic,,1.99999999999889,,no,,,,,,,,,34.045,145.000000000003,0.003,,,,2,34.265
2,Dec07-12-33-02,12-07-00-33-02,yes,15000,6,,,,33.955,29.862,4.0844,8313.2,12_5_13/1st pic,,3.00000000000011,,no,,,,,,,,,34.047,146.999999999998,0.001999999999995,,,,2,34.263
2,Dec07-01-44-48,12-07-01-44-48,yes,15000,6,,,1,33.947,29.855,4.1836,8114.3,12_5_13/2nd pic,,2.00000000000244,,no,,,,,,,,,34.051,151.000000000003,0.004000000000005,,,,2,34.257
2,Dec07-03-01-45,12-07-03-01-45,yes,15000,6,,,,33.9435,29.851,4.2768,7936.7,12_5_13/3rd pic,,2.50000000000128,,no,,,,,,,,,34.054,154.000000000003,0.003,,,,2,34.28
3,Dec10-01-17-40,12-10-13-17-40,yes,15000,7,,,1,34.452,30.36,4.4065,7818.4,12_10_13/1st pic,,1.99999999999889,,no,,,,,,,,,34.056,155.999999999999,0.001999999999995,,,,2,34.453
3,Dec10-02-53-48,12-10-14-53-48,yes,6000,7,,,1,34.452,30.36,4.361,7899.9,12_10_13/2nd pic,,1.99999999999889,,no,,,,,,,,,34.058,158.000000000001,0.002000000000002,,,,2,34.428
3,Dec10-03-33-48,12-10-15-33-48,yes,3348,7,,,,34.451,30.36,4.361,7899.9,12_10_13/2nd pic,,1.00000000000122,,no,,,,,,,,,34.061,161.000000000001,0.003,,,,2,34.423
3,Dec10-03-48-09,12-10-15-48-09,yes,15000,7,,,1,34.451,30.36,4.361,7899.9,12_10_13/2nd pic,,1.00000000000122,,no,,,,,,,,,34.063,163.000000000004,0.002000000000002,,,,2,34.413
3,Dec10-05-04-49,12-10-17-04-49,yes,15000,7,,,1,34.447,30.355,4.7237,7292,12_10_13/3rd pic,,2.00000000000244,,no,,,,,,,,,34.064,164.000000000001,0.000999999999998,,,,2,34.365
3,Dec10-06-14-48,12-10-18-14-48,yes,15000,7,,,1,34.444,30.353,4.604,7481,12_10_13/4th pic,,1.00000000000122,,no,,,,,,,,,34.067,167.000000000002,0.003,,,,2,34.362
3,Dec11-03-17-57,12-11-15-17-57,yes,15000,7,,,,34.44,30.349,5.1045,6747,12_(11-13)_13/1st pic,,0.999999999997669,,no,,,,,,,,,34.069,169.000000000004,0.002000000000002,,,,2,34.359
3,Dec11-05-23-41,12-11-17-23-41,yes,15000,7,,,1,34.436,30.344,4.5032,7646.9,12_(11-13)_13/2nd pic,,1.99999999999889,,no,,,,,,,,,34.071,170.999999999999,0.001999999999995,,,,2,34.348
3,12-11-18-54-26,12-11-18-54-26,yes,15000,7,,,,34.429,30.338,4.1087,8379.5,12_(11-13)_13/3rd pic,,1.00000000000122,,no,,,,,,,,,34.072,172.000000000004,0.001000000000005,,,,2,34.321
3,12-11-20-11-19,12-11-20-11-19,yes,15000,7,,,1,34.425,30.333,4.3958,7831.3,12_(11-13)_13/4th pic,,1.99999999999889,,no,,,,,,,,,34.073,173.000000000002,0.000999999999998,,,,2,34.192
3,12-11-21-19-37,12-11-21-19-37,yes,15000,7,,,,34.421,30.329,5.6297,6114.3,12_(11-13)_13/5th pic,,1.99999999999889,,no,,,,,,,,,34.075,175.000000000004,0.002000000000002,,,,2,34.127
3,12-11-22-30-52,12-11-22-30-52,yes,15000,7,,,,34.417,30.325,5.4738,6287.6,12_(11-13)_13/6th pic,,2.00000000000244,,no,,,,,,,,,34.076,176.000000000002,0.000999999999998,,,,2,34.119
3,12-11-23-48-46,12-11-23-48-46,yes,234,7,,,,34.413,30.321,4.4755,7689.3,12_(11-13)_13/7th pic,,1.99999999999534,,no,,,,,,,,,34.079,179.000000000002,0.003,,,,2,34.115
3,12-11-23-52-02,12-11-23-52-02,yes,15000,7,,,1,34.413,30.321,4.4755,7689.3,12_(11-13)_13/7th pic,,1.99999999999534,,no,,,,,,,,,34.083,183,0.003999999999998,,,,2,34.112
3,12-12-11-15-01,12-12-11-15-01,yes,15000,7,,,1,34.411,30.319,4.6009,7479.2,12_(11-13)_13/8th pic,,2.00000000000244,,no,,,,,,,,,34.0837,183.700000000002,0.000700000000002,,,,2,34.113
3,12-12-12-37-17,12-12-12-37-17,yes,15000,7,,,,34.407,30.3155,4.2066,8179.3,12_(11-13)_13/9th pic,,1.4999999999965,,no,,,,,,,,,34.087,187.000000000005,0.003300000000003,,,,2,34.049
3,12-12-13-48-07,12-12-13-48-07,yes,15000,7,,,1,34.404,30.3125,4.0113,8576.7,12_(11-13)_13/10th pic,,1.50000000000361,,no,,,,,,,,,34.089,189,0.001999999999995,,,,2,33.993
3,12-12-15-39-55,12-12-15-39-55,yes,15000,7,,,,34.353,30.2635,4.0778,8424.5,12_(11-13)_13/11th pic,,-0.499999999998835,,no,,,,,,,,,34.092,192,0.003,,,,2,33.958
3,12-12-17-04-50,12-12-17-04-50,yes,15000,7,,,1,34.34,30.251,4.8988,7009.9,12_(11-13)_13/12th pic,,-0.999999999997669,,no,,,,,,,,,34.095,195,0.003,,,,2,33.958
3,12-12-18-17-20,12-12-18-17-20,yes,15000,7,,,1,34.335,30.245,3.7229,9222.5,12_(11-13)_13/13th pic,,0,,no,,,,,,,,,34.098,198,0.003,,,,redo,Cavity Freq (GHz)
3,12-12-21-02-41,12-12-21-02-41,yes,15000,7,,,1,34.331,30.2415,3.7284,9208,12_(11-13)_13/15th pic,,-0.499999999995282,,no,,,,,,,,,34.1,200.000000000003,0.002000000000002,,,,,
3,12-12-22-27-04,12-12-22-27-04,yes,15000,7,,,,34.329,30.2395,3.7012,9275,12_(11-13)_13/16th pic,,-0.499999999998835,,no,,,,,,,,,34.101,201,0.000999999999998,,,,,
3,12-12-23-40-56,12-12-23-40-56,yes,15000,7,,,,34.325,30.2355,3.8805,8845.4,12_(11-13)_13/17th pic,,-0.499999999995282,,no,,,,,,,,,34.105,204.999999999998,0.003999999999998,,,,,
3,12-13-00-55-41,12-13-00-55-41,yes,13890,7,,,1,34.321,30.232,4.1097,8351.2,12_(11-13)_13/18th pic,,-1.00000000000122,,no,,,,,,,,,34.109,209.000000000003,0.004000000000005,,,,,
3,12-13-02-17-21,12-13-02-17-21,yes,15000,7,,,1,34.318,30.229,3.9131,8770.2,12_(11-13)_13/19th pic,,-1.00000000000122,,no,,,,,,,,,34.11,210.000000000001,0.000999999999998,,,,,
3,12-13-03-22-54,12-13-03-22-54,yes,2300,7,,,,34.318,30.229,3.9131,8770.2,12_(11-13)_13/19th pic,,-1.00000000000122,,no,,,,,,,,,34.112,212.000000000003,0.002000000000002,,,,,
3,12-13-11-07-41,12-13-11-07-41,yes,15000,7,,,,34.311,30.222,4.1594,8248.9,12_(11-13)_13/20th pic,,-1.00000000000122,,no,,,,,,,,,34.115,215.000000000003,0.003,,,,,33.823
3,12-13-12-15-59,12-13-12-15-59,yes,30000,7,,,1,34.311,30.222,4.1594,8248.9,12_(11-13)_13/20th pic,,-1.00000000000122,,no,,,,,,,,,34.117,216.999999999999,0.001999999999995,,,,,33.823
4,12-17-01-27-48,12-17-01-27-48,yes,15000,7,,,1,33.753,29.6615,4.7016,7179.1,12_17_13/1st pic,,1.50000000000006,,no,,,,,,,,,34.121,221.000000000004,0.004000000000005,,,,,33.823
4,12-17-13-50-46,12-17-13-50-46,yes,15000,7,,,,34.303,30.214,3.784,9065,12_17_13/3rd pic,,-1.00000000000122,,no,,,,,,,,,34.124,224.000000000004,0.003,,,,,33.823
4,12-17-17-29-49,12-17-17-29-49,yes,15000,7,,,1,34.3,30.21,4.059,8456,12_17_13/4th pic,,-0.000000000003553,,no,,,,,,,,,34.127,227.000000000004,0.003,,,,,33.8376
4,12-17-19-33-40,12-17-19-33-40,yes,15000,7,,,1,33.865,29.7735,5.3317,6223,12_17_13/5th pic,,1.50000000000361,,no,,,,,,,,,34.13,230.000000000004,0.003,,,,,33.8386
4,12-18-14-39-57,12-18-14-39-57,yes,15000,7,,,1,34.274,30.1855,3.7612,9112.7,12_18_13/1st pic,,-1.50000000000006,,no,,,,,,,,,34.132,231.999999999999,0.001999999999995,,,,,34.007
4,12-18-15-54-12,12-18-15-54-12,yes,15000,7,,,,34.267,30.178,3.7029,9254,12_18_13/2nd pic,,-0.999999999997669,,no,,,,,,,,,34.135,234.999999999999,0.003,,,,,34.008
4,12-18-17-11-58,12-18-17-11-58,yes,15000,7,,,,34.254,30.165,3.9848,8596,12_18_13/3rd poc,,-1.00000000000122,,no,,,,,,,,,34.138,238,0.003,,,,,33.8487
4,12-18-18-23-09,12-18-18-23-09,yes,15000,7,,,,34.25,30.161,4.0408,8476,12_18_13/4th pic,,-1.00000000000122,,no,,,,,,,,,34.142,242.000000000004,0.004000000000005,,,,,34.006
4,12-18-21-01-03,12-18-21-01-03,yes,15000,7,,,,34.248,30.159,3.9191,8738.6,12_18_13/5th pic,,-1.00000000000122,,no,,,,,,,,,34.146,246.000000000002,0.003999999999998,,,,,33.352
4,12-18-22-09-41,12-18-22-09-41,yes,15000,7,,,,34.245,30.156,3.6804,9304,12_18_13/6th pic,,-1.00000000000122,,no,,,,,,,,,34.15,250,0.003999999999998,,,,,
4,12-18-23-21-34,12-18-23-21-34,yes,15000,7,,,1,34.241,30.152,3.6689,9332.8,12_18_13/7th pic,,-1.00000000000122,,no,,,,,,,,,34.15,250,0,,,,,
4,12-19-00-50-02,12-19-00-50-02,yes,15000,7,,,1,34.239,30.15,3.7519,9125.8,12_19_13/8th pic,,-1.00000000000122,,no,,,,,,,,,34.154,254.000000000005,0.004000000000005,,,,,34.495
4,12-19-01-59-23,12-19-01-59-23,yes,15000,7,,,,34.236,30.147,3.7882,9037.6,12_19_13/9th pic,,-1.00000000000122,,no,,,,,,,,,34.157,256.999999999998,0.002999999999993,,,,,34.495
4,12-19-11-51-12,12-19-11-51-12,yes,15000,7,,,,34.157,30.065,3.8865,8788.5,12_19_13 cont/1st pic,,1.99999999999534,,no,,,,,,,,,34.16,259.999999999998,0.003,,,,,34.522
4,12-19-15-00-35,12-19-15-00-35,yes,15000,7,,,,34.154,30.062,3.7445,9121.2,12_19_13 cont/2nd pic,,2.00000000000244,,no,,,,,,,,,34.162,262,0.002000000000002,,,,,34.522
4,12-19-16-29-11,12-19-16-29-11,yes,15000,7,,,,34.15,30.055,3.7751,9046.1,12_19_13 cont/3rd pic,,4.999999999999,,no,,,,,,,,,34.165,265.000000000001,0.003,,,,,34.522
4,12-19-16-56-39,12-19-16-56-39,yes,15000,7,,,,34.15,30.055,3.7751,9046.1,12_19_13 cont/3rd pic,,4.999999999999,,no,,,,,,,,,34.167,267.000000000003,0.002000000000002,,,,,34.522
4,12-19-18-25-36,12-19-18-25-36,yes,15000,7,,,,34.146,30.054,4.0378,8456.6,12_19_13 cont/4th pic,,2.00000000000244,,no,,,,,,,,,34.17,270.000000000003,0.003,,,,,34.522
4,12-19-19-37-04,12-19-19-37-04,yes,15000,7,,,,34.142,30.051,3.9933,8549,12_19_13 cont/5th pic,,1.00000000000477,,no,,,,,,,,,34.173,273.000000000003,0.003,,,,,34.517
4,12-19-20-48-17,12-19-20-48-17,yes,15000,7,,,,34.138,30.047,4.0626,8403,12_19_13 cont/6th pic,,0.999999999997669,,no,,,,,,,,,34.176,276.000000000003,0.003,,,,,34.517
4,12-19-21-58-12,12-19-21-58-12,yes,15000,7,,,,34.135,30.045,4.1367,8251,12_19_13 cont/7th pic,,-0.000000000003553,,no,,,,,,,,,34.178,277.999999999999,0.001999999999995,,,,,34.513
4,12-19-23-12-37,12-19-23-12-37,yes,8000,7,,,1,34.132,30.041,4.1033,8318,12_19_13 cont/8th pic,,0.999999999997669,,no,,,,,,,,,34.181,280.999999999999,0.003,,,,,34.509
4,12-20-12-23-10,12-20-12-23-10,yes,15000,8,,,1,34.13,30.037,4.0407,8446.5,12_20_13/1st pic,,3.00000000000367,,no,,,,,,,,,34.184,283.999999999999,0.003,,,,,34.496
4,12-20-13-36-02,12-20-13-36-02,yes,8000,8,,,1,34.127,30.035,3.779,9030.7,12_20_13/2nd pic,,2.00000000000244,,no,,,,,,,,,34.184,283.999999999999,0,,,,,34.489
4,12-20-14-50-28,12-20-14-50-28,yes,15000,8,,,,34.124,30.031,3.7481,9104.4,12_20_13/3rd pic,,3.00000000000367,,no,,,,,,,,,34.188,288.000000000004,0.004000000000005,,,,,34.489
4,12-20-16-14-54,12-20-16-14-54,yes,15000,8,,,,34.121,30.028,4.016,8496,12_20_13/4th pic,,3.00000000000367,,no,,,,,,,,,34.19,289.999999999999,0.001999999999995,,,,,34.489
4,12-20-17-25-45,12-20-17-25-45,yes,15000,8,,,1,34.117,30.024,4.0774,8367,12_20_13/5th pic,,2.99999999999656,,no,,,,,,,,,34.194,294.000000000004,0.004000000000005,,,,,34.485
4,12-20-18-50-01,12-20-18-50-01,yes,15000,8,,,1,34.115,30.023,4.2869,7957,12_20_13/6th pic,,2.00000000000244,,yes,,,,,,,,,34.198,298.000000000002,0.003999999999998,,,,,34.485
5,01-08-16-04-25,01-08-16-04-25,yes,15000,8,,,,34.112,30.019,4.3429,7856.6,01_08_14/1st pic,,3.00000000000367,,yes,,,,,,,,,34.201,301.000000000002,0.003,,,,,34.485
5,01-08-17-25-01,01-08-17-25-01,yes,15000,8,,,1,34.109,30.017,4.2139,8095.3,01_08_14/2nd pic,,2.00000000000244,,yes,,,,,,,,,34.203,303.000000000004,0.002000000000002,,,,,34.459
5,01-08-18-33-27,01-08-18-33-27,yes,15000,8,,,1,34.105,30.013,3.9529,8627.8,01_08_14/3rd pic,,1.99999999999534,,yes,,,,,,,,,34.206,306.000000000004,0.003,,,,,34.428
5,01-08-19-45-25,01-08-19-45-25,yes,15000,8,,,1,34.101,30.009,4.0372,8446.8,01_08_14/4th pic,,1.99999999999889,,yes,,,,,,,,,34.21,310.000000000002,0.003999999999998,,,,,34.421
5,01-08-21-21-08,01-08-21-21-08,yes,15000,8,,,1,34.1,30.008,4.1022,8312.7,01_08_14/5th pic,,2.00000000000244,,yes,,,,,,,,,34.214,314,0.003999999999998,,,,,34.401
5,01-08-22-31-28,01-08-22-31-28,yes,15000,8,,,1,34.098,30.006,4.1386,8239,01_08_14/6th pic,,1.99999999999889,,yes,,,,,,,,,34.217,317,0.003,,,,,34.398
5,01-08-23-49-21,01-08-23-49-21,yes,15000,8,,,1,34.095,30.003,4.1425,8230.6,01_08_14/7th pic,,1.99999999999889,,yes,,,,,,,,,34.219,319.000000000003,0.002000000000002,,,,,34.356
5,01-09-00-59-55,01-09-00-59-55,yes,15000,8,,,,34.092,30,4.1309,8253,01_08_14/8th pic,,1.99999999999889,,yes,,,,,,,,,34.222,322.000000000003,0.003,,,,,34.35
5,01-09-02-08-12,01-09-02-08-12,yes,15000,8,,,1,34.089,29.997,4.1167,8280.7,01_08_14/9th pic,,1.99999999999889,,,,,,,,,,,34.225,325.000000000003,0.003,,,,,34.346
5,01-09-03-16-04,01-09-03-16-04,yes,15000,8,,,,34.087,29.995,4.0803,8354.1,01_08_14/10th pic,,2.00000000000244,,,,,,,,,,,34.228,328.000000000003,,,,,,34.344
5,01-09-04-36-16,01-09-04-36-16,yes,15000,8,,,,34.083,29.991,4.0422,8431.9,01_08_14/11th pic,,1.99999999999889,,,,,,,,,,,34.23,329.999999999998,0.001999999999995,,,,,34.344
5,01-09-11-23-57,01-09-11-23-57,yes,15000,8,,,,34.079,29.988,4.1794,8154.2,01_09_14/1st pic,,1.00000000000122,,,,,,,,,,,34.233,332.999999999998,0.003,,,,,34.344
5,01-09-12-32-45,01-09-12-32-45,yes,15000,8,,,,34.075,29.984,4.2952,7933.3,01_09_14/2nd pic,,1.00000000000122,,,,,,,,,,,34.235,335.000000000001,0.002000000000002,,,,,34.338
5,01-09-13-39-53,01-09-13-39-53,yes,15000,8,,,,34.073,29.982,4.3324,7864.7,01_09_14/3rd pic,,1.00000000000122,,,,,,,,,,,34.236,335.999999999998,0.000999999999998,,,,,34.11
5,01-09-14-49-01,01-09-14-49-01,yes,15000,8,,,1,34.071,29.98,4.4241,7701.1,01_09_14/4th pic,,0.999999999997669,,,,,,,,,,,34.239,338.999999999999,0.003,,,,,34.0837
5,01-09-15-56-21,01-09-15-56-21,yes,15000,8,,,,34.069,29.978,4.5504,7487,01_09_14/5th pic,,1.00000000000122,,,,,,,,,,,34.241,341.000000000001,0.002000000000002,,,,,34.076
5,01-09-17-03-20,01-09-17-03-20,yes,15000,8,,,,34.067,29.976,4.5624,7467,01_09_14/6th pic,,1.00000000000122,,,,,,,,,,,34.245,344.999999999999,0.003999999999998,,,,,34.006
5,01-09-18-11-15,01-09-18-11-15,yes,15000,8,,,,34.064,29.973,4.4808,7602.2,01_09_14/7th pic,,1.00000000000122,,,,,,,,,,,34.248,347.999999999999,0.003,,,,,33.996
5,01-09-19-27-33,01-09-19-27-33,yes,15000,8,,,,34.061,29.97,4.272,7973.1,01_09_14/8th pic,,1.00000000000122,,,,,,,,,,,34.25,350.000000000001,0.002000000000002,,,,,33.971
5,01-09-20-44-37,01-09-20-44-37,yes,15000,8,,,,34.058,29.967,4.493,7580.1,01_09_14/9th pic,,1.00000000000122,,,,,,,,,,,34.254,353.999999999999,0.003999999999998,,,,,33.967
5,01-09-22-02-54,01-09-22-02-54,yes,15000,8,,,,34.056,29.965,4.6533,7318.8,01_09_14/10th pic,,0.999999999997669,,,,,,,,,,,34.267,367.000000000004,0.013000000000005,,,,,33.964
5,01-09-23-09-28,01-09-23-09-28,yes,15000,8,,,,34.054,29.963,4.7731,7134.7,01_09_14/11th pic,,1.00000000000122,,,,,,,,,,,34.274,374.000000000002,0.006999999999998,,,,,33.964
5,01-10-00-18-42,01-10-00-18-42,yes,15000,8,,,,34.051,29.96,4.8461,7026.4,01_09_14/12th pic,,1.00000000000122,,,,,,,,,,,34.3,399.999999999999,0.025999999999996,,,,,33.955
5,01-10-01-26-27,01-10-01-26-27,yes,15000,8,,,2,34.047,29.956,4.5156,7539.9,01_09_14/13th pic,,0.999999999997669,,,,,,,,,,,34.303,402.999999999999,0.003,,,,,33.9435
5,01-10-02-35-10,01-10-02-35-10,yes,15000,8,,,,34.045,29.954,4.5838,7427.4,01_09_14/14th pic,,1.00000000000122,,,,,,,,,,,34.306,405.999999999999,0.003,,,,,34.451
5,01-10-03-47-20,01-10-03-47-20,yes,60000,8,,,2,34.042,29.951,4.8881,6964.2,01_09_14/15th pic,,1.00000000000122,,,,,,,,,,,34.31,410.000000000004,0.004000000000005,,,,,34.44
5,01-10-10-39-36,01-10-10-39-36,yes,15000,8,,,,34.039,29.948,4.282,7949.2,01_10_14/1st pic,,1.00000000000122,,,,,,,,,,,34.311,411.000000000001,0.000999999999998,,,,,34.429
5,01-10-11-49-41,01-10-11-49-41,yes,15000,8,,,,34.036,29.945,4.0297,8446.2,01_10_14/2nd pic,,1.00000000000122,,,,,,,,,,,34.311,411.000000000001,0,,,,,34.421
5,01-10-13-01-57,01-10-13-01-57,yes,15000,8,,,,34.032,29.94,4.4232,7694,01_10_14/3rd pic,,1.99999999999534,,,,,,,,,,,34.315,414.999999999999,0.003999999999998,,,,,34.417
5,01-10-14-14-31,01-10-14-14-31,yes,15000,8,,,2,34.03,29.938,4.6091,7383.3,01_10_14/4th pic,,2.00000000000244,,,,,,,,,,,34.318,417.999999999999,0.003,,,,,34.413
5,01-10-15-23-24,01-10-15-23-24,yes,15000,8,,,,34.027,29.935,4.7518,7160.9,01_10_14/5th pic,,2.00000000000244,,,,,,,,,,,34.318,417.999999999999,0,,,,,34.407
5,01-10-16-38-53,01-10-16-38-53,yes,15000,8,,,,34.024,29.932,4.821,7057.5,01_10_14/6th pic,,2.00000000000244,,,,,,,,,,,34.321,420.999999999999,0.003,,,,,34.353
5,01-10-17-55-06,01-10-17-55-06,yes,15000,8,,,,34.02,29.928,4.834,7037.5,01_10_14/7th pic,,2.00000000000244,,,,,,,,,,,34.325,425.000000000004,0.004000000000005,,,,,34.329
5,01-10-19-13-51,01-10-19-13-51,yes,15000,8,,,2,34.017,29.925,,,,,2.00000000000244,,,,,,,,,,,34.329,429.000000000002,0.003999999999998,,,,,34.325
5,01-10-20-22-39,01-10-20-22-39,yes,15000,8,,,,34.014,29.922,4.6237,7356.5,01_10_14/8th pic,,2.00000000000244,,,,,,,,,,,34.331,431.000000000004,0.002000000000002,,,,,34.318
5,01-10-21-36-24,01-10-21-36-24,yes,15000,8,,,,34.011,29.919,4.4977,7562,01_10_14/9th pic,,2.00000000000244,,,,,,,,,,,34.335,435.000000000002,0.003999999999998,,,,,34.311
5,01-10-22-17-29,01-10-22-17-29,yes,6891,6,,,,34.011,29.919,4.4977,7562,,,2.00000000000244,,,,,,,,,,,34.338,438.000000000002,0.003,,,,,34.303
5,01-10-23-03-12,01-10-23-03-12,yes,15000,6,,,2,34.008,29.916,4.6324,7341.2,01_10_14/10th pic,,2.00000000000244,,,,,,,,,,,34.34,440.000000000005,0.002000000000002,,,,,34.267
5,01-11-00-10-21,01-11-00-10-21,yes,15000,6,,,1,34.005,29.913,4.6552,7304.8,01_10_14/11th pic,,2.00000000000244,,,,,,,,,,,34.344,444.000000000003,0.003999999999998,,,,,34.254
5,01-11-01-29-22,01-11-01-29-22,yes,15000,6,,,,34.002,29.91,4.5684,7442.8,01_10_14/12th pic,,2.00000000000244,,,,,,,,,,,34.344,444.000000000003,0,,,,,34.25
5,01-11-02-38-46,01-11-02-38-46,yes,15000,6,,,,33.999,29.907,4.5577,7463,01_10_14/13th pic,,2.00000000000244,,,,,,,,,,,34.344,444.000000000003,0,,,,,34.248
5,01-11-03-45-44,01-11-03-45-44,yes,15000,6,,,,33.997,29.905,4.5645,7448.1,01_10_14/15th pic,,1.99999999999889,,,,,,,,,,,34.346,445.999999999998,0.001999999999995,,,,,34.245
5,01-11-04-53-33,01-11-04-53-33,yes,15000,6,,,2,33.995,29.903,4.4626,7617.6,01_10_14/16th pic,,1.99999999999889,,,,,,,,,,,34.35,450.000000000003,0.004000000000005,,,,,34.236
5,01-11-06-01-39,01-11-06-01-39,yes,15000,6,,,2,33.99,29.898,4.6285,7343.7,01_10_14/17th pic,,2.00000000000244,,,,,,,,,,,34.353,453.000000000003,0.003,,,,,34.157
5,01-11-07-17-30,01-11-07-17-30,yes,15000,6,,,,33.981,29.889,4.8027,7075.4,01_10_14/18th pic,,2.00000000000244,,,,,,,,,,,34.356,456.000000000003,0.003,,,,,34.154
5,01-11-08-24-55,01-11-08-24-55,yes,30000,6,,,,33.975,29.883,4.7985,7080.3,01_10_14/19th pic,,2.00000000000244,,,,,,,,,,,34.398,498.000000000005,0.042000000000002,,,,,34.15
5,01-11-12-06-17,01-11-12-06-17,yes,15000,6,,,,33.975,29.883,4.7985,7080.3,,,2.00000000000244,,,,,,,,,,,34.401,501.000000000005,0.003,,,,,34.15
6,01-14-13-53-06,01-14-13-53-06,yes,15000,6,,,2,33.987,29.895,4.6921,7243,01_14_14/1st pic,,2.00000000000244,,,,,,,,,,,34.404,504.000000000005,0.003,,,,,34.146
6,01-14-14-59-18,01-14-14-59-18,yes,15000,6,,,2,33.985,29.893,4.4773,7590,01_14_14/2nd pic,,1.99999999999889,,,,,,,,,,,34.407,506.999999999998,0.002999999999993,,,,,34.142
6,01-14-16-14-53,01-14-16-14-53,yes,15000,6,,,2,33.983,29.891,4.513,7530,01_14_14/3rd pic,,1.99999999999889,,,,,,,,,,,34.411,511.000000000003,0.004000000000005,,,,,34.138
6,01-14-17-21-20,01-14-17-21-20,yes,15000,6,,,2,33.978,29.886,4.6818,7257,01_14_14/4th pic,,2.00000000000244,,,,,,,,,,,34.413,512.999999999998,0.001999999999995,,,,,34.135
6,01-14-19-03-33,01-14-19-03-33,yes,15000,6,,,2,33.972,29.88,4.0333,8422.7,01_14_14/5th pic,,2.00000000000244,,,,,,,,,,,34.413,512.999999999998,0,,,,,34.124
6,01-14-20-11-05,01-14-20-11-05,yes,15000,6,,,,33.97,29.878,3.9838,8526.8,01_14_14/6th pic,,1.99999999999889,,,,,,,,,,,34.417,517.000000000003,0.004000000000005,,,,,34.121
6,01-14-21-18-55,01-14-21-18-55,yes,15000,6,,,,33.968,29.876,4.0867,8311.8,01_14_14/7th pic,,2.00000000000244,,,,,,,,,,,34.421,521.000000000001,0.003999999999998,,,,,34.112
6,01-14-22-29-23,01-14-22-29-23,yes,15000,6,,,,33.966,29.873,4.4614,7613,01_14_14/8th pic,,3.00000000000011,,,,,,,,,,,34.421,521.000000000001,0,,,,,34.092
6,01-14-23-39-55,01-14-23-39-55,yes,15000,6,,,,33.963,29.87,4.5701,7431.7,01_14_14/9th pic,,3.00000000000011,,,,,,,,,,,34.425,524.999999999999,0.003999999999998,,,,,34.087
6,01-15-00-47-47,01-15-00-47-47,yes,15000,6,,,,33.96,29.867,4.7153,7201.9,01_14_14/10th pic,,3.00000000000011,,,,,,,,,,,34.428,527.999999999999,0.003,,,,,34.083
6,"01-15-01-56-22
","01-15-01-56-22
",yes,15000,6,,,,33.956,29.863,4.8429,7011.5,01_14_14/11th pic,,3.00000000000367,,,,,,,,,,,34.428,527.999999999999,0,,,,,34.079
6,01-15-03-04-20,01-15-03-04-20,yes,15000,6,,,,33.952,29.859,4.9647,6838.7,01_14_14/12th pic,,2.99999999999656,,,,,,,,,,,34.429,529.000000000003,0.001000000000005,,,,,34.075
6,01-15-04-13-51,01-15-04-13-51,yes,15000,6,,,,33.95,29.857,4.7771,7106.9,01_14_14/13th pic,,3.00000000000367,,,,,,,,,,,34.429,529.000000000003,0,,,,,34.073
6,01-15-05-20-46,01-15-05-20-46,yes,15000,6,,,,33.947,29.854,4.4492,7629.8,01_14_14/14th pic,,3.00000000000367,,,,,,,,,,,34.431,530.999999999999,0.001999999999995,,,,,34.069
6,01-15-06-27-44,01-15-06-27-44,yes,15000,6,,,,33.945,29.852,4.4901,7559.9,01_14_14/15th pic,,3.00000000000011,,,,,,,,,,,34.433,533.000000000001,0.002000000000002,,,,,34.067
6,01-15-07-37-24,01-15-07-37-24,yes,5594,6,,,,33.942,29.849,4.8348,7020.3,01_14_14/16th pic,,3.00000000000011,,,,,,,,,,,34.436,536.000000000001,0.003,,,,,34.064
6,"01-15-08-48-38
","01-15-08-48-38
",yes,15000,0,,,,33.938,29.845,5.131,6614.5,01_14_14/17th pic,,3.00000000000367,,,,,,,,,,,34.436,536.000000000001,0,,,,,34.061
6,"01-15-10-50-55
","01-15-10-50-55
",yes,15000,0,,,,33.935,29.842,5.3626,6328,01_15_14/1st pic,,3.00000000000367,,,,,,,,,,,34.44,539.999999999999,0.003999999999998,,,,,34.058
6,"01-15-12-36-12
","01-15-12-36-12
",yes,1500,0,,,,33.931,29.838,5.3953,6288.9,01_15_14/2nd pic,,2.99999999999656,,,,,,,,,,,34.444,544.000000000004,0.004000000000005,,,,,34.056
6,01-15-12-47-43,01-15-12-47-43,yes,15000,0,,,,33.931,29.838,5.3953,6288.9,,,2.99999999999656,,,,,,,,,,,34.447,547.000000000004,0.003,,,,,34.054
6,01-15-14-05-22,01-15-14-05-22,yes,15000,0,,,,33.927,29.835,5.2604,6449.5,01_15_14/3rd pic,,1.99999999999889,,,,,,,,,,,34.451,551.000000000002,0.003999999999998,,,,,34.051
6,01-15-15-26-54,01-15-15-26-54,yes,15000,5,,,,33.923,29.831,4.9636,6834.4,01_15_14/4th pic,,2.00000000000244,,,,,,,,,,,34.451,551.000000000002,0,,,,,34.045
6,01-15-16-36-29,01-15-16-36-29,yes,15000,5,,,,33.92,29.828,4.8279,7025.8,01_15_14/5th pic,,2.00000000000244,,,,,,,,,,,34.452,552,0.000999999999998,,,,,34.039
6,01-15-17-56-57,01-15-17-56-57,yes,15000,9,,,,33.915,29.823,4.7735,7104.9,01_15_14/6th pic,,1.99999999999889,,,,,,,,,,,34.452,552,0,,,,,34.036
6,01-15-19-04-49,01-15-19-04-49,yes,15000,9,,,,33.913,29.821,4.7077,7203.7,01_15_14/7th pic,,1.99999999999534,,,,,,,,,,,34.455,555,0.003,,,,,34.032
6,"01-15-20-11-18
","01-15-20-11-18
",yes,15000,9,,,2,33.911,29.819,4.687,7235,01_15_14/8th pic,,2.00000000000244,,,,,,,,,,,34.459,559.000000000005,0.004000000000005,,,,,34.027
6,01-15-21-17-06,01-15-21-17-06,yes,15000,9,,,,33.909,29.817,4.5945,7380.3,01_15_14/9th pic,,1.99999999999889,,,,,,,,,,,34.461,561,0.001999999999995,,,,,34.024
6,01-15-22-24-01,01-15-22-24-01,yes,15000,9,,,,33.907,29.815,4.4597,7602.9,01_15_14/10th pic,,1.99999999999534,,,,,,,,,,,34.465,565.000000000005,0.004000000000005,,,,,34.02
6,01-15-23-31-58,01-15-23-31-58,yes,15000,9,,,,33.905,29.813,4.3533,7788.3,01_15_14/11th pic,,2.00000000000244,,,,,,,,,,,34.467,567,0.001999999999995,,,,,34.014
6,"01-16-00-38-43
","01-16-00-38-43
",yes,15000,9,,,2,33.903,29.811,4.3214,7845.3,01_15_14/12th pic,,1.99999999999889,,,,,,,,,,,34.47,570,0.003,,,,,34.011
6,"01-16-01-46-19
","01-16-01-46-19
",yes,15000,9,,,,33.9,29.808,4.421,7668,01_15_14/13th pic,,1.99999999999889,,,,,,,,,,,34.473,573,0.003,,,,,34.011
6,01-16-03-06-09,01-16-03-06-09,yes,15000,9,,,2,34.461,30.369,4.4876,7679,01_15_14/15th pic,,1.99999999999889,,,,,,,,,,,34.476,576,0.003,,,,,34.002
6,01-16-04-12-09,01-16-04-12-09,yes,15000,9,,,,34.465,30.373,4.3484,7925.8,01_15_14/16th pic,,2.00000000000244,,,,,,,,,,,34.479,579.000000000001,0.003,,,,,33.999
6,01-16-05-43-51,01-16-05-43-51,yes,15000,9,,,,34.473,30.381,4.3779,7874.4,01_15_14/17th pic,,1.99999999999889,,,,,,,,,,,34.481,581.000000000003,0.002000000000002,,,,,33.997
6,01-16-10-17-39,01-16-10-17-39,yes,15000,9,,,,34.479,30.388,4.7088,7322.3,01_16_14/1st pic,,0.999999999997669,,,,,,,,,,,34.485,585.000000000001,0.003999999999998,,,,,33.981
6,01-16-11-30-28,01-16-11-30-28,yes,15000,9,,,,34.52,30.429,4.4748,7714.3,01_16_14/2nd pic,,1.00000000000477,,,,,,,,,,,34.485,585.000000000001,0,,,,,33.975
6,"01-16-12-44-25
","01-16-12-44-25
",yes,15000,9,,,,34.436,30.345,4.5862,7508.7,01_16_14/3rd pic,,1.00000000000122,,,,,,,,,,,34.485,585.000000000001,0,,,,,33.975
6,01-16-13-54-25,01-16-13-54-25,yes,15000,9,,,,34.433,30.342,4.3501,7998.1,01_16_14/4th pic,,1.00000000000122,,,,,,,,,,,34.489,588.999999999999,0.003999999999998,,,,,33.97
6,01-16-15-02-58,01-16-15-02-58,yes,15000,9,,,,34.429,30.338,4.1872,8222.4,01_16_14/5th pic,,1.00000000000122,,,,,,,,,,,34.489,588.999999999999,0,,,,,33.968
6,01-16-16-14-10,01-16-16-14-10,yes,15000,9,,,,34.431,30.34,4.3375,7938,01_16_14/6th pic,,0.999999999997669,,,,,,,,,,,34.489,588.999999999999,0,,,,,33.966
6,01-16-17-26-26,01-16-17-26-26,yes,15000,9,,,,34.31,30.2195,4.1822,8203.7,01_16_14/8th pic,,0.500000000002387,,,,,,,,,,,34.493,593.000000000004,0.004000000000005,,,,,33.963
6,01-16-18-58-59,01-16-18-58-59,yes,15000,9,,,,34.306,30.2155,3.9266,8736.9,01_16_14/9th pic,,0.499999999998835,,,,,,,,,,,34.495,594.999999999999,0.001999999999995,,,,,33.96
6,"01-16-20-06-30
","01-16-20-06-30
",yes,15000,9,,,,34.315,30.225,4.6428,7391.1,01_16_14/10th pic,,-0.000000000003553,,,,,,,,,,,34.495,594.999999999999,0,,,,,33.956
6,"01-16-21-15-09
","01-16-21-15-09
",yes,15000,9,,,,34.16,30.068,4.1579,8215.8,01_16_14/11th pic,,1.99999999999534,,,,,,,,,,,34.495,594.999999999999,0,,,,,33.952
6,"01-16-22-23-32
","01-16-22-23-32
",yes,15000,9,,,,34.162,30.07,4.0762,8380.9,01_16_14/12th pic,,1.99999999999889,,,,,,,,,,,34.496,596.000000000004,0.001000000000005,,,,,33.95
6,01-16-23-32-44,01-16-23-32-44,yes,15000,9,,,,34.165,30.073,4.0979,8337,01_16_14/13th pic,,1.99999999999889,,,,,,,,,,,34.5,600.000000000001,0.003999999999998,,,,,33.947
6,"01-17-00-39-27
","01-17-00-39-27
",yes,15000,9,,,,34.167,30.075,4.0162,8507.1,01_16_14/14th pic,,2.00000000000244,,,,,,,,,,,34.501,600.999999999999,0.000999999999998,,,,,33.945
6,"01-17-01-46-48
","01-17-01-46-48
",yes,15000,9,,,,34.17,30.078,3.9223,8711.9,01_16_14/15th pic,,2.00000000000244,,,,,,,,,,,34.501,600.999999999999,0,,,,,33.942
6,"01-17-02-53-37
","01-17-02-53-37
",yes,15000,9,,,,34.173,30.081,3.8767,8814.9,01_16_14/16th pic,,2.00000000000244,,,,,,,,,,,34.504,603.999999999999,0.003,,,,,33.938
6,"01-17-04-00-41
","01-17-04-00-41
",yes,15000,9,,,,34.176,30.084,3.9491,8654.1,01_16_14/17th pic,,2.00000000000244,,,,,,,,,,,34.506,606.000000000002,0.002000000000002,,,,,33.935
6,"01-17-05-08-02
","01-17-05-08-02
",yes,15000,9,,,,34.178,30.086,4.0301,8480.8,01_16_14/18th pic,,1.99999999999889,,,,,,,,,,,34.509,609.000000000002,0.003,,,,,33.931
6,"01-17-06-15-25
","01-17-06-15-25
",yes,15000,9,,,,34.181,30.089,4.117,8302.4,01_16_14/19th pic,,1.99999999999889,,,,,,,,,,,34.513,613,0.003999999999998,,,,,33.931
6,01-17-07-23-43,01-17-07-23-43,yes,15000,9,,,,34.184,30.092,4.0533,8433.8,01_16_14/20th pic,,1.99999999999889,,,,,,,,,,,34.513,613,0,,,,,33.927
6,"01-17-11-42-09
","01-17-11-42-09
",yes,15000,9,,,2,34.184,30.092,4.0533,8433.8,,,1.99999999999889,,,,,,,,,,,34.517,617.000000000004,0.004000000000005,,,,,33.923
6,"01-17-13-08-57
","01-17-13-08-57
",yes,15000,9,,,2,34.188,30.097,,,,,1.00000000000122,,,,,,,,,,,34.517,617.000000000004,0,,,,,33.92
6,01-17-14-25-20,01-17-14-25-20,yes,15000,9,,,,34.19,30.099,,,,,0.999999999997669,,,,,,,,,,,34.517,617.000000000004,0,,,,,33.915
6,"01-17-15-47-21
","01-17-15-47-21
",yes,15000,9,,,,34.194,30.102,,,,,2.00000000000244,,,,,,,,,,,34.52,620.000000000004,0.003,,,,,33.913
6,"01-17-17-03-42
","01-17-17-03-42
",yes,15000,9,,,,34.198,30.106,3.8003,8998.6,01_17_14/4th pic,,1.99999999999889,,,,,,,,,,,34.522,622,0.001999999999995,,,,,33.909
6,"01-17-18-13-48
","01-17-18-13-48
",yes,15000,9,,,2,34.201,30.109,3.6762,9303.4,01_17_14/5th pic,,1.99999999999889,,,,,,,,,,,34.522,622,0,,,,,33.907
6,"01-17-19-28-36
","01-17-19-28-36
",yes,15000,9,,,,34.203,30.111,3.7538,9111.7,01_17_14/6th pic,,2.00000000000244,,,,,,,,,,,34.522,622,0,,,,,33.905
6,"01-17-20-37-10
","01-17-20-37-10
",yes,15000,9,,,,34.206,30.114,3.795,9013.4,01_17_14/7th pic,,2.00000000000244,,,,,,,,,,,34.522,622,0,,,,,33.9
6,"01-17-21-46-58
","01-17-21-46-58
",yes,15000,9,,,,34.21,30.118,3.7522,9117.3,01_17_14/8th pic,,2.00000000000244,,,,,,,,,,,34.522,622,0,,,,,34.465
6,"01-17-22-58-19
","01-17-22-58-19
",yes,15000,9,,,,34.214,30.122,3.7991,9005.7,01_17_14/9th pic,,1.99999999999889,,,,,,,,,,,Cavity Freq (GHz),,,,,,,34.473
6,"01-18-00-04-33
","01-18-00-04-33
",yes,15000,9,,,,34.217,30.125,3.7036,9238.9,01_17_14/10th pic,,1.99999999999889,,,,,,,,,,,,,,,,,,34.479
6,01-18-01-12-38,01-18-01-12-38,yes,15000,9,,,,34.219,30.127,3.8757,8829.2,01_17_14/11th pic,,2.00000000000244,,,,,,,,,,,,,,,,,,34.52
6,"01-18-02-19-43
","01-18-02-19-43
",yes,15000,9,,,,34.222,30.13,3.8836,8811.9,01_17_14/12th pic,,2.00000000000244,,,,,,,,,,,,,,,,,,34.436
6,"01-18-03-26-42
","01-18-03-26-42
",yes,15000,9,,,,34.225,30.133,3.836,8922,01_17_14/13th pic,,2.00000000000244,,,,,,,,,,,,,,,,,,34.433
6,"01-18-04-33-26
","01-18-04-33-26
",yes,15000,9,,,,34.228,30.136,3.6998,9251.3,01_17_14/14th pic,,2.00000000000244,,,,,,,,,,,,,,,,,,34.429
6,"01-18-05-44-08
","01-18-05-44-08
",yes,15000,9,,,,34.23,30.138,3.8811,8819.7,01_17_14/15th pic,,1.99999999999534,,,,,,,,,,,,,,,,,,34.431
6,"01-18-06-55-14
","01-18-06-55-14
",yes,15000,9,,,,34.233,30.141,3.6429,9397.2,01_17_14/16th pic,,1.99999999999889,,,,,,,,,,,,,,,,,,34.31
6,01-18-08-30-02,01-18-08-30-02,yes,45000,9,,,2,34.235,30.143,3.7436,9145,01_17_14/17th pic,,1.99999999999889,,,,,,,,,,,,,,,,,,34.306
7,01-23-13-05-08,01-23-13-05-08,yes,15000,9,,,,34.274,30.184,4.2463,8071.4,01_23_14/1st pic,,,,,,,,,,,,,,,,,,,,34.315
7,01-23-14-16-06,01-23-14-16-06,yes,15000,9,,,2,34.271,30.179,4.2223,8116.7,01_23_14/2nd pic,,,,,,,,,,,,,,,,,,,,34.16
7,01-23-16-07-32,01-23-16-07-32,yes,958,9,,,2,34.269,30.177,4.1787,8200.8,01_23_14/3rd pic,,,,,,,,,,,,,,,,,,,,34.162
7,01-23-17-05-06,01-23-17-05-06,yes,15000,10,,,,34.269,30.177,4.1787,8200.8,,,,,,,,,,,,,,,,,,,,,34.165
7,"01-23-18-12-34
","01-23-18-12-34
",yes,15000,10,,,2,34.265,30.173,4.0721,8414.7,01_23_14/4th pic,,,,,,,,,,,,,,,,,,,,34.167
7,"01-23-20-50-59
","01-23-20-50-59
",yes,15000,10,,,2,34.263,30.171,4.0571,8445,01_23_14/5th pic,,,,,,,,,,,,,,,,,,,,34.17
8,"01-28-13-46-29
","01-28-13-46-29
",yes,15000,10,,,,34.26,30.168,4.1261,8303.3,01_28_14/1st pic,,,,,,,,,,,,,,,,,,,,34.173
8,"01-28-14-56-18
","01-28-14-56-18
",yes,15000,10,,,2,34.257,30.165,4.2086,8139.8,01_28_14/2nd pic,,,,,,,,,,,,,,,,,,,,34.176
8,"01-28-16-10-34
","01-28-16-10-34
",yes,15000,10,,,,34.278,30.186,4.167,8226.3,01_28_14/3rd pic,,,,,,,,,,,,,,,,,,,,34.178
8,"01-28-17-17-22
","01-28-17-17-22
",yes,15000,10,,,2,34.28,30.188,4.1274,8305.4,01_28_14/4th pic,,,,,,,,,,,,,,,,,,,,34.181
8,"01-28-18-41-44
","01-28-18-41-44
",yes,15000,10,,,,34.282,30.19,4.0854,8391.2,01_28_14/5th pic,,,,,,,,,,,,,,,,,,,,34.184
8,01-28-19-52-15,01-28-19-52-15,yes,15000,10,,,,34.285,30.193,4.1356,8290.1,01_28_14/6th pic,,,,,,,,,,,,,,,,,,,,34.19
8,01-28-21-00-48,01-28-21-00-48,yes,15000,10,,,,34.287,30.195,4.1609,8240.2,01_28_14/7th pic,,,,,,,,,,,,,,,,,,,,34.194
8,01-28-22-10-32,01-28-22-10-32,yes,15000,10,,,,34.289,30.198,4.32,7937.3,01_28_14/8th pic,,,,,,,,,,,,,,,,,,,,34.198
8,01-28-23-33-52,01-28-23-33-52,yes,15000,10,,,,34.293,30.201,4.2615,8047.2,01_28_14/9th pic,,,,,,,,,,,,,,,,,,,,34.203
8,01-29-00-59-12,01-29-00-59-12,yes,15000,10,,,,34.296,30.204,4.1626,8239,01_28_14/10th pic,,,,,,,,,,,,,,,,,,,,34.206
8,01-29-02-18-02,01-29-02-18-02,yes,15000,10,,,,34.299,30.207,4.1631,8238.9,01_28_14/11th pic,,,,,,,,,,,,,,,,,,,,34.21
8,"01-29-03-45-48
","01-29-03-45-48
",yes,90000,10,,,,34.311,30.219,4.297,7984.9,01_28_14/12th pic,,,,,,,,,,,,,,,,,,,,34.214
8,"01-29-11-04-44
","01-29-11-04-44
",yes,15000,10,,,,34.318,30.229,4.4486,7714.4,01_29_14/1st pic,-61.791,,,,,,,,,,,,,,,,,,,34.217
8,01-29-12-51-07,01-29-12-51-07,yes,15000,10,,,,34.318,30.229,4.4757,7667.8,01_29_14/2nd pic,-61.076,,,,,,,,,,,,,,,,,,,34.219
8,01-29-14-13-40,01-29-14-13-40,yes,15000,10,,,,34.3,30.208,4.0211,8530.2,01_29_14/3rd pic,-56.366,,,,-55,,,,,,,,,,,,,,,34.222
8,01-29-15-25-22,01-29-15-25-22,yes,15000,10,,,,34.514,30.422,4.6616,7404,01_29_14/4th pic,-54.339,,,,-55,,,,,,,,,,,,,,,34.225
8,01-29-16-37-45,01-29-16-37-45,yes,15000,10,,,,34.512,30.42,5.24,6586,01_29_14/5th pic,-55.827,,,,-55,,,,,,,,,,,,,,,34.228
8,01-29-18-13-53,01-29-18-13-53,yes,15000,10,,,,34.505,30.413,4.95,6970.7,01_29_14/6th pic,-57.8,,,,-55,,,,,,,,,,,,,,,34.23
8,01-29-19-31-57,01-29-19-31-57,yes,15000,10,,,,34.501,30.409,4.7705,7232.2,01_29_14/7th pic,-58.239,,,,-55,,,,,,,,,,,,,,,34.233
8,01-29-20-52-32,01-29-20-52-32,yes,15000,10,,,,34.498,30.406,4.7423,7274.7,01_29_14/8th pic,-59.228,,,,-55,,,,,,,,,,,,,,,34.274
8,01-29-22-07-57,01-29-22-07-57,yes,15000,10,,,,34.493,30.401,4.3738,7886.3,01_29_14/9th pic,-55.893,,,,-55,,,,,,,,,,,,,,,34.269
8,01-29-23-18-00,01-29-23-18-00,yes,15000,10,,,,34.491,30.399,4.3996,7839.7,01_29_14/10th pic,-55.523,,,,-55,,,,,,,,,,,,,,,34.26
8,"01-30-00-26-55
","01-30-00-26-55
",yes,15000,10,,,,34.487,30.395,4.7556,7251.8,01_29_14/11th pic,-56.662,,,,-55,,,,,,,,,,,,,,,34.278
8,01-30-01-35-54,01-30-01-35-54,yes,15000,10,,,,34.481,30.389,4.83358,7130.3,01_29_14/12th pic,-58.256,,,,-55,,,,,,,,,,,,,,,34.282
8,01-30-02-44-42,01-30-02-44-42,yes,15000,10,,,,34.476,30.384,4.6746,7375.1,01_29_14/13th pic,-60.193,,,,-55,,,,,,,,,,,,,,,34.285
8,01-30-03-52-40,01-30-03-52-40,yes,15000,10,,,,34.47,30.378,4.4923,7673.1,01_29_14/14th pic,-59.964,,,,-55,,,,,,,,,,,,,,,34.287
8,01-30-05-03-14,01-30-05-03-14,yes,15000,10,,,,34.467,30.375,4.5099,7642.6,01_29_14/15th pic,-59.623,,,,-55,,,,,,,,,,,,,,,34.289
8,01-30-06-12-15,01-30-06-12-15,yes,15000,10,,,,34.464,30.372,4.5008,7657.2,01_29_14/16th pic,-59.298,,,,-55,,,,,,,,,,,,,,,34.293
8,01-30-07-21-39,01-30-07-21-39,yes,15000,10,,,,34.457,30.365,4.4301,7777.9,01_29_14/17th pic,-58.606,,,,-55,,,,,,,,,,,,,,,34.296
8,01-30-08-30-55,01-30-08-30-55,yes,15000,10,,,,34.455,30.363,4.556,7562.4,01_29_14/18th pic,-60.552,,,,-55,,,,,,,,,,,,,,,34.299
8,01-31-01-58-28,01-31-01-58-28,yes,15000,10,,,2,34.453,30.36,4.5384,7591.4,01_31_14/1st pic,-59.999,,,,-55,,,,,,,,,,,,,,,34.311
8,01-31-03-06-04,01-31-03-06-04,yes,15000,10,,,,34.449,30.357,4.738,7270.9,01_31_14/2nd pic,-61.034,,,,-55,,,,,,,,,,,,,,,34.318
8,01-31-04-14-14,01-31-04-14-14,yes,15000,10,,,,34.447,30.355,4.8425,7113.3,01_31_14/3rd pic,-63.053,,,,-55,,,,,,,,,,,,,,,34.318
8,01-31-05-22-45,01-31-05-22-45,yes,15000,10,,,,34.444,30.352,4.9064,7020.1,01_31_14/4th pic,-63.25,,,,-55,,,,,,,,,,,,,,,34.3
8,01-31-06-31-42,01-31-06-31-42,yes,15000,10,,,,34.442,30.35,4.9067,7019.3,01_31_14/5th pic,-63.986,,,,-55,,,,,,,,,,,,,,,34.514
8,01-31-07-40-39,01-31-07-40-39,yes,15000,10,,,,34.436,30.344,4.5475,7572.5,01_31_14/6th pic,-64.701,,,,-55,,,,,,,,,,,,,,,34.512
8,02-01-02-40-01,02-01-02-40-01,yes,1,10,,,,34.425,30.333,4.7195,7294.2,02_01_14/1st pic,-66.401,,,,-55,testtoneswitchin,,,,,,,,,,,,,,34.505
8,02-01-02-40-23,02-01-02-40-23,yes,1,10,,,,34.425,30.333,4.7195,7294.2,02_01_14/1st pic,-66.401,,,,-45,,,,,,,,,,,,,,,34.501
8,02-01-02-40-46,02-01-02-40-46,yes,15000,10,,,,34.425,30.333,4.7195,7294.2,,,,,,-45,,,,,,,,,,,,,,,34.498
8,02-01-03-47-12,02-01-03-47-12,yes,1,10,,,,34.428,30.336,4.6123,7464.2,02_01_14/2nd pic,-66.389,,,,-45,,,,,,,,,,,,,,,34.493
8,02-01-03-47-27,02-01-03-47-27,yes,15000,10,,,2,34.428,30.336,4.6123,7464.2,,,,,,-45,,,,,,,,,,,,,,,34.491
8,02-01-04-54-35,02-01-04-54-35,yes,1,10,,,,34.423,30.331,4.8781,7862.5,02_01_14/3rd pic,-66.115,,,,-45,,,,,,,,,,,,,,,34.487
8,02-01-04-54-48,02-01-04-54-48,yes,15000,10,,,2,34.423,30.331,4.8781,7862.5,,,,,,-45,,,,,,,,,,,,,,,34.481
8,02-01-06-01-52,02-01-06-01-52,yes,1,10,,,,34.414,30.322,6.4976,5296.4,02_01_14/4th pic,-69.498,,,,-45,,,,,,,,,,,,,,,34.476
8,02-01-06-02-05,02-01-06-02-05,yes,15000,10,,,,34.414,30.322,6.4976,5296.4,,,,,,-45,,,,,,,,,,,,,,,34.47
8,02-01-07-15-29,02-01-07-15-29,yes,1,10,,,,34.409,30.317,5.6955,6051.4,02_01_14/5th pic,-71.876,,,,-45,,,,,,,,,,,,,,,34.467
8,02-01-07-16-36,02-01-07-16-36,yes,15000,10,,,,34.409,30.317,5.6955,6051.4,,,,,,-45,,,,,,,,,,,,,,,34.464
8,02-01-08-24-18,02-01-08-24-18,yes,1,10,,,,34.411,30.319,7.1118,4838.5,02_01_14/6th pic,-71.837,,,,-45,,,,,,,,,,,,,,,34.457
8,02-01-08-24-34,02-01-08-24-34,yes,15000,10,,,,34.411,30.319,7.1118,4838.5,02_01_14/6th pic,-71.837,,,,-45,,,,,,,,,,,,,,,34.455
9,02-04-14-03-35,02-04-14-03-35,yes,1,11?,,,,34.413,30.321,5.8275,5905.2,02_04_14/1st pic,-71.073,,,,-45,,,,,,,,,,,,,,,34.449
9,02-04-14-03-57,02-04-14-03-57,yes,4900,,,,2,34.413,30.321,5.8275,5905.2,02_04_14/1st pic,-71.073,,,,-45,,,,,,,,,,,,,,,34.447
9,02-04-15-16-14,02-04-15-16-14,yes,1,,,,,34.404,30.312,5.5132,6240.3,02_04_14/2nd pic,-74.856,,,,-45,,,,,,,,,,,,,,,34.444
9,02-04-15-16-44,02-04-15-16-44,yes,15000,,,,,34.404,30.312,5.5132,6240.3,02_04_14/2nd pic,-74.856,,,,-45,,,,,,,,,,,,,,,34.442
9,02-04-17-34-43,02-04-17-34-43,yes,1,,,,,34.404,30.312,5.0184,6855.6,02_04_14/3rd pic,-74.179,,,,-45,,,,,,,,,,,,,,,34.436
9,02-04-17-34-58,02-04-17-34-58,yes,15000,,,,,34.404,30.312,5.0184,6855.6,02_04_14/3rd pic,-74.179,,,,-45,,,,,,,,,,,,,,,34.425
9,02-05-00-38-10,02-05-00-38-10,yes,1,,,,,34.398,30.306,5.1066,6736.1,02_05_14/1st pic,-75.171,,,,-45,,,,,,,,,,,,,,,34.425
9,02-05-00-38-37,02-05-00-38-37,yes,1,,,,,34.398,30.306,5.1066,6736.1,02_05_14/1st pic,-75.171,,,,-40,,,,,,,,,,,,,,,34.425
9,02-05-00-39-09,02-05-00-39-09,yes,15000,,,,,34.398,30.306,5.1066,6736.1,02_05_14/1st pic,-75.171,,,,-45,,,,,,,,,,,,,,,34.428
9,02-05-01-50-53,02-05-01-50-53,yes,1,,,,,34.368,30.276,7.8059,4402.9,02_05_14/2nd pic,-75.151,,,,-45,,,,,,,,,,,,,,,34.423
9,02-05-01-51-17,02-05-01-51-17,yes,15000,,,,,34.368,30.276,7.8059,4402.9,02_05_14/2nd pic,-75.151,,,,-45,,,,,,,,,,,,,,,34.414
9,02-05-02-58-53,02-05-02-58-53,yes,1,,,,,34.365,30.273,4.6433,7401,02_05_14/3rd pic,-71.469,,,,-45,,,,,,,,,,,,,,,34.414
9,02-05-02-59-05,02-05-02-59-05,yes,15000,,,,2,34.365,30.273,4.6433,7401,02_05_14/3rd pic,-71.469,,,,-45,,,,,,,,,,,,,,,34.409
9,02-05-04-09-38,02-05-04-09-38,yes,1,,,,,34.362,30.27,4.4797,7670,02_05_14/5th pic,-70.582,,,,-45,,,,,,,,,,,,,,,34.409
9,02-05-04-09-50,02-05-04-09-50,yes,15000,,,,2,34.362,30.27,4.4797,7670,02_05_14/5th pic,-70.582,,,,-45,,,,,,,,,,,,,,,34.411
9,02-05-05-17-12,02-05-05-17-12,yes,15000,,,,2,34.359,30.267,4.3291,7936.8,02_05_14/6th pic,-71.511,,,,-45,,,,,,,,,,,,,,,34.411
9,02-05-06-24-01,02-05-06-24-01,yes,1,,,,,34.348,30.256,5.0334,6824,02_05_14/7th pic,,,,,-45,,,,,,,,,,,,,,,34.413
9,02-05-06-24-13,02-05-06-24-13,yes,15000,,,,2,34.348,30.256,5.0334,6824,02_05_14/7th pic,-68.639,,,,-45,,,,,,,,,,,,,,,34.404
9,02-05-07-44-00,02-05-07-44-00,yes,1,,,,,34.34,30.248,4.3807,7838.8,02_05_14/8th pic,,,,,-45,,,,,,,,,,,,,,,34.404
9,02-05-07-44-15,02-05-07-44-15,yes,15000,,,,,34.34,30.248,4.3807,7838.8,02_05_14/8th pic,-66.211,,,,-45,,,,,,,,,,,,,,,34.404
9,02-05-08-55-57,02-05-08-55-57,yes,1,,,,,34.335,30.243,4.4879,7650.5,02_05_14/9th pic,,,,,-45,,,,,,,,,,,,,,,34.404
9,02-05-08-56-19,02-05-08-56-19,yes,15000,,,,,34.335,30.243,4.4879,7650.5,02_05_14/9th pic,-65.862,,,,-45,,,,,,,,,,,,,,,34.398
9,02-05-20-49-25,02-05-20-49-25,yes,1,,,,,34.333,30.241,4.5035,7623.6,02_05_14/10th pic,,,,,-45,,,,,,,,,,,,,,,34.398
9,02-05-20-50-44,02-05-20-50-44,yes,15000,,,,,34.333,30.241,4.5035,7623.6,02_05_14/10th pic,-63.858,,,,-45,,,,,,,,,,,,,,,34.398
9,02-05-22-13-07,02-05-22-13-07,yes,1,,,,,34.331,30.239,4.4547,7706.6,02_05_14/11th pic,,,,,-45,,,,,,,,,,,,,,,34.368
9,02-05-22-13-23,02-05-22-13-23,yes,15000,,,,,34.331,30.239,4.4547,7706.6,02_05_14/11th pic,-63.706,,,,-45,,,,,,,,,,,,,,,34.368
9,02-05-23-20-04,02-05-23-20-04,yes,1,,,,,34.327,30.235,4.3175,7950.8,02_05_14/12th pic,,,,,-45,,,,,,,,,,,,,,,34.365
9,02-05-23-20-20,02-05-23-20-20,yes,15000,,,,,34.327,30.235,4.3175,7950.8,02_05_14/12th pic,-63.559,,,,-45,,,,,,,,,,,,,,,34.362
9,02-06-00-27-52,02-06-00-27-52,yes,1,,,,,34.323,30.231,4.1527,8265.2,02_05_14/13th pic,,,,,-50,,,,,,,,,,,,,,,34.348
9,02-06-00-28-10,02-06-00-28-10,yes,15000,,,,,34.323,30.231,4.1527,8265.2,02_05_14/13th pic,-62.199,,,,-50,,,,,,,,,,,,,,,34.34
9,02-06-01-35-16,02-06-01-35-16,yes,1,,,,,34.321,30.229,4.1774,8216,02_05_14/14th pic,,,,,-50,,,,,,,,,,,,,,,34.34
9,02-06-01-35-32,02-06-01-35-32,yes,15000,,,,2,34.321,30.229,4.1774,8216,02_05_14/14th pic,-62.552,,,,-50,,,,,,,,,,,,,,,34.335
9,02-06-02-44-04,02-06-02-44-04,yes,1,,,,,34.241,30.149,4.2689,8021,02_05_14/15th pic,,,,,-50,,,,,,,,,,,,,,,34.335
9,02-06-02-45-05,02-06-02-45-05,yes,1,,,,,34.241,30.149,4.2689,8021,02_05_14/15th pic,,,,,-60,,,,,,,,,,,,,,,34.333
9,02-06-02-45-20,02-06-02-45-20,yes,15000,,,,,34.241,30.149,4.2689,8021,02_05_14/15th pic,-54.726,,,,-60,,,,,,,,,,,,,,,34.333
9,02-06-03-53-02,02-06-03-53-02,yes,1,,,,,34.239,30.147,4.2635,8030.7,02_05_14/16th pic,,,,,-60,,,,,,,,,,,,,,,34.331
9,02-06-03-53-13,02-06-03-53-13,yes,15000,,,,,34.239,30.147,4.2635,8030.7,02_05_14/16th pic,-54.585,,,,-60,,,,,,,,,,,,,,,34.331
9,02-06-04-59-47,02-06-04-59-47,yes,1,,,,,34.212,30.12,4.0844,8376.2,02_05_14/17th pic,,,,,-60,,,,,,,,,,,,,,,34.327
9,02-06-05-00-02,02-06-05-00-02,yes,15000,,,,,34.212,30.12,4.0844,8376.2,02_05_14/17th pic,-53.464,,,,-60,,,,,,,,,,,,,,,34.327
9,02-06-06-22-21,02-06-06-22-21,yes,1,,,,,34.192,30.1,4.6002,7432.6,02_05_14/18th pic,,,,,-60,,,,,,,,,,,,,,,34.323
9,02-06-06-22-36,02-06-06-22-36,yes,15000,,,,2,34.192,30.1,4.6002,7432.6,02_05_14/18th pic,-53.583,,,,-60,,,,,,,,,,,,,,,34.323
9,02-06-07-36-26,02-06-07-36-26,yes,1,,,,,34.186,30.094,4.1064,8325.1,02_05_14/19th pic,,,,,-60,,,,,,,,,,,,,,,34.321
9,02-06-07-36-56,02-06-07-36-56,yes,15000,,,,,34.186,30.094,4.1064,8325.1,02_05_14/19th pic,-51.091,,,,-60,,,,,,,,,,,,,,,34.241
9,02-06-08-48-42,02-06-08-48-42,yes,1,,,,,34.152,30.06,4.4375,7696.3,02_05_14/20th pic,,,,,-60,,,,,,,,,,,,,,,34.241
9,02-06-08-49-01,02-06-08-49-01,yes,15000,,,,,34.152,30.06,4.4375,7696.3,02_05_14/20th pic,-53.705,,,,-60,,,,,,,,,,,,,,,34.241
9,02-06-12-03-55,02-06-12-03-55,yes,1,,,,,34.15,30.058,,,,,,,,-60,,,,,,,,,,,,,,,34.239
9,02-06-12-04-15,02-06-12-04-15,yes,15000,,,,,34.15,30.058,4.3122,7919.4,02_06_14/1st pic,-50.825,,,,-60,,,,,,,,,,,,,,,34.239
9,02-06-13-13-19,02-06-13-13-19,yes,1,,,,,34.148,30.056,,,,,,,,-60,,,,,,,,,,,,,,,34.212
9,02-06-13-14-02,02-06-13-14-02,yes,15000,,,,,34.148,30.056,4.2429,8048.3,02_06_14/2nd pic,-50.791,,,,-60,,,,,,,,,,,,,,,34.212
9,02-06-14-26-02,02-06-14-26-02,yes,1,,,,,34.144,30.052,,,,,,,,-60,,,,,,,,,,,,,,,34.192
9,02-06-14-26-19,02-06-14-26-19,yes,15000,,,,,34.144,30.052,4.1886,8151.7,02_06_14/3rd pic,-50.238,,,,-60,,,,,,,,,,,,,,,34.186
9,02-06-15-42-05,02-06-15-42-05,yes,1,,,,,34.14,30.048,,,,,,,,-60,,,,,,,,,,,,,,,34.186
9,02-06-15-42-19,02-06-15-42-19,yes,15000,,,,,34.14,30.048,4.3379,7870.3,02_06_14/4th pic,-51.091,,,,-60,,,,,,,,,,,,,,,34.152
9,02-06-16-55-54,02-06-16-55-54,yes,1,,,,,34.132,30.04,,,,,,,,-60,,,,,,,,,,,,,,,34.152
9,02-06-16-56-09,02-06-16-56-09,yes,15000,,,,,34.132,30.04,4.5031,7579.7,02_06_14/5th pic,-52.258,,,,-60,,,,,,,,,,,,,,,34.15
9,02-06-18-05-00,02-06-18-05-00,yes,1,,,,,34.13,30.038,,,,,,,,-60,,,,,,,,,,,,,,,34.15
9,02-06-18-05-46,02-06-18-05-46,yes,1,,,,,34.13,30.038,,,,,,,,-60,,,,,,,,,,,,,,,34.148
9,02-06-18-06-34,02-06-18-06-34,yes,15000,,,,,34.13,30.038,4.5666,7473.9,02_06_14/6th pic,-51.396,,,,-60,,,,,,,,,,,,,,,34.148
9,02-06-19-23-50,02-06-19-23-50,yes,1,,,,,34.127,30.035,,,,,,,,-60,,,,,,,,,,,,,,,34.144
9,02-06-19-24-53,02-06-19-24-53,yes,15000,,,,2,34.127,30.035,4.4877,7604.5,02_06_14/7th pic,-53.36,,,,-60,,,,,,,,,,,,,,,34.144
9,02-06-20-39-51,02-06-20-39-51,yes,1,,,,,34.119,30.027,,,,,,,,-60,,,,,,,,,,,,,,,34.14
9,02-06-20-40-32,02-06-20-40-32,yes,15000,,,,2,34.119,30.027,4.2001,8123.5,02_06_14/8th pic,-52.31,,,,-60,,,,,,,,,,,,,,,34.14
9,02-06-21-56-50,02-06-21-56-50,yes,1,,,,,34.117,30.025,,,,,,,,-60,,,,,,,,,,,,,,,34.132
9,02-06-21-57-30,02-06-21-57-30,yes,15000,,,,,34.117,30.025,4.2838,7964.3,02_06_14/9th pic,-50.292,,,,-60,,,,,,,,,,,,,,,34.132
9,02-06-23-39-58,02-06-23-39-58,yes,1,,,,,34.115,30.023,,,,,,,,-60,,,,,,,,,,,,,,,34.13
9,02-06-23-40-28,02-06-23-40-28,yes,15000,,,,2,34.115,30.023,4.5313,7528.7,02_06_14/10th pic,-54.03,,,,-60,,,,,,,,,,,,,,,34.13
9,02-07-01-01-23,02-07-01-01-23,yes,1,,,,,34.112,30.02,,,,,,,,-60,,,,,,,,,,,,,,,34.13
9,02-07-01-03-09,02-07-01-03-09,yes,15000,,,,2,34.112,30.02,4.5617,7477.9,02_06_14/11th pic,-54.272,,,,-60,,,,,,,,,,,,,,,34.127
9,02-07-02-12-05,02-07-02-12-05,yes,1,,,,,34.113,30.021,,,,,,,,-60,,,,,,,,,,,,,,,34.119
9,02-07-02-13-08,02-07-02-13-08,yes,120000,,,,2,34.113,30.021,4.543,7508.9,02_06_14/12th pic,-52.274,,,,-60,,,,,,,,,,,,,,,34.117
10,02-11-16-55-57,02-11-16-55-57,yes,1,12,,,,34.109,30.017,,,,,,,,-60,,,,,,,,,,,,,,,34.117
10,02-11-16-56-18,02-11-16-56-18,yes,15000,12,,,,34.109,30.017,4.4809,7612.1,02_11_14/1st pic,-52.474,,,,-60,,,,,,,,,,,,,,,34.115
10,02-11-18-05-47,02-11-18-05-47,yes,1,12,,,,34.107,30.015,,,,,,,,-60,,,,,,,,,,,,,,,34.112
10,02-11-18-06-01,02-11-18-06-01,yes,15000,12,,,,34.107,30.015,4.5069,7567.7,02_11_14/2nd pic,-51.974,,,,-60,,,,,,,,,,,,,,,34.113
10,02-11-19-29-37,02-11-19-29-37,yes,1,12,,,,34.105,30.013,,,,,,,,-60,,,,,,,,,,,,,,,34.109
10,02-11-19-29-50,02-11-19-29-50,yes,15000,12,,,,34.105,30.013,4.5953,7421.8,02_11_14/3rd pic,-51.761,,,,-60,,,,,,,,,,,,,,,34.109
10,02-11-20-39-51,02-11-20-39-51,yes,1,12,,,,34.103,30.011,,,,,,,,-60,,,,,,,,,,,,,,,34.107
10,02-11-20-40-03,02-11-20-40-03,yes,15000,12,,,,34.103,30.011,4.5751,7454.1,02_11_14/4th pic,-50.405,,,,-60,,,,,,,,,,,,,,,34.107
10,02-11-21-47-28,02-11-21-47-28,yes,1,12,,,,34.101,30.009,,,,,,,,-60,,,,,,,,,,,,,,,34.105
10,02-11-21-47-39,02-11-21-47-39,yes,15000,12,,,,34.101,30.009,4.4267,7703.5,02_11_14/5th pic,-49.732,,,,-60,,,,,,,,,,,,,,,34.105
10,02-11-22-56-29,02-11-22-56-29,yes,1,12,,,,34.098,30.006,,,,,,,,-60,,,,,,,,,,,,,,,34.103
10,02-11-22-56-53,02-11-22-56-53,yes,15000,12,,,,34.098,30.006,4.02,8482.1,02_11_14/6th pic,-48.3,,,,-60,,,,,,,,,,,,,,,34.103
10,02-12-00-04-35,02-12-00-04-35,yes,1,12,,,,34.095,30.003,,,,,,,,-60,,,,,,,,,,,,,,,34.101
10,02-12-00-04-59,02-12-00-04-59,yes,15000,12,,,,34.095,30.003,4.0977,8320.6,02_11_14/7th pic,-49.089,,,,-60,,,,,,,,,,,,,,,34.101
10,02-12-01-12-21,02-12-01-12-21,yes,1,12,,,,34.089,29.997,,,,,,,,-60,,,,,,,,,,,,,,,34.098
10,02-12-01-12-43,02-12-01-12-43,yes,15000,12,,,,34.089,29.997,4.4947,7584.4,02_11_14/8th pic,-50.849,,,,-60,,,,,,,,,,,,,,,34.098
10,02-12-02-20-22,02-12-02-20-22,yes,1,12,,,,34.081,29.989,,,,,,,,-60,,,,,,,,,,,,,,,34.095
10,02-12-02-20-47,02-12-02-20-47,yes,15000,12,,,,34.081,29.989,4.528,7526.6,02_11_14/9th pic,-50.573,,,,-60,,,,,,,,,,,,,,,34.095
10,02-12-03-28-05,02-12-03-28-05,yes,1,12,,,,34.071,29.979,,,,,,,,-60,,,,,,,,,,,,,,,34.089
10,02-12-03-28-18,02-12-03-28-18,yes,15000,12,,,,34.071,29.979,4.6111,7389,02_11_14/10th pic,-50.722,,,,-60,,,,,,,,,,,,,,,34.089
10,02-12-04-36-22,02-12-04-36-22,yes,1,12,,,,34.049,29.957,,,,,,,,-60,,,,,,,,,,,,,,,34.081
10,02-12-04-36-35,02-12-04-36-35,yes,15000,12,,,2,34.049,29.957,4.5329,7511.5,02_11_14/11th pic,-50.846,,,,-60,,,,,,,,,,,,,,,34.081
10,02-12-05-43-36,02-12-05-43-36,yes,1,12,,,,34.034,29.942,,,,,,,,-60,,,,,,,,,,,,,,,34.071
10,02-12-05-43-58,02-12-05-43-58,yes,15000,12,,,,34.034,29.942,4.2913,7931,02_11_14/12th pic,-47.908,,,,-60,,,,,,,,,,,,,,,34.071
10,02-12-06-53-12,02-12-06-53-12,yes,1,12,,,,34.023,29.931,,,,,,,,-60,,,,,,,,,,,,,,,34.049
10,02-12-06-53-50,02-12-06-53-50,yes,30000,12,,,,34.023,29.931,4.873,6982,02_11_14/13th pic,-51.43,,,,-60,,,,,,,,,,,,,,,34.034
10,02-12-11-53-16,02-12-11-53-16,yes,1,12,,,,34.005,29.913,4.2586,7985.1,02_12_14/1st pic,,,,,-60,,,,,,,,,,,,,,,34.034
10,02-12-11-53-35,02-12-11-53-35,yes,15000,12,,,,34.005,29.913,4.2586,7985.1,02_12_14/1st pic,-46.917,,,,-60,,,,,,,,,,,,,,,34.023
10,02-12-13-01-20,02-12-13-01-20,yes,1,12,,,,33.993,29.901,4.6823,7259.8,02_12_14/2nd pic,,,,,-60,,,,,,,,,,,,,,,34.023
10,02-12-13-01-33,02-12-13-01-33,yes,15000,12,,,2,33.993,29.901,4.6823,7259.8,02_12_14/2nd pic,-49.963,,,,-60,,,,,,,,,,,,,,,34.005
10,02-12-14-30-44,02-12-14-30-44,yes,1,12,,,,33.993,29.901,4.7407,7170.5,02_12_14/3rd pic,,,,,-60,,,,,,,,,,,,,,,34.005
10,02-12-14-30-56,02-12-14-30-56,yes,15000,12,,,,33.993,29.901,4.7407,7170.5,02_12_14/3rd pic,-50.231,,,,-60,,,,,,,,,,,,,,,33.993
10,02-12-16-52-28,02-12-16-52-28,yes,1,12,,,,33.993,29.901,4.7283,7189.2,02_12_14/4th pic,,,,,-60,,,,,,,,,,,,,,,33.993
10,02-12-16-52-41,02-12-16-52-41,yes,15000,12,,,,33.993,29.901,4.7283,7189.2,02_12_14/4th pic,-50.24,,,,-60,,,,,,,,,,,,,,,33.993
10,02-12-19-25-43,02-12-19-25-43,yes,1,12,,,,33.958,29.866,4.871,6971.4,02_12_14/5th pic,,,,,-60,,,,,,,,,,,,,,,33.993
10,02-12-19-26-06,02-12-19-26-06,yes,15000,12,,,2,33.958,29.866,4.871,6971.4,02_12_14/5th pic,-49.82,,,,-60,,,,,,,,,,,,,,,33.993
10,02-12-20-33-53,02-12-20-33-53,yes,1,12,,,,33.958,29.866,4.7209,7193.3,02_12_14/6th pic,,,,,-60,,,,,,,,,,,,,,,33.958
10,02-12-20-34-04,02-12-20-34-04,yes,15000,12,,,2,33.958,29.866,4.7209,7193.3,02_12_14/6th pic,-49.459,,,,-60,,,,,,,,,,,,,,,33.958
10,02-12-21-57-01,02-12-21-57-01,yes,1,12,,,,33.94,29.848,4.6052,7370,02_12_14/7th pic,,,,,-60,,,,,,,,,,,,,,,33.94
10,02-12-21-57-18,02-12-21-57-18,yes,15000,12,,,,33.94,29.848,4.6052,7370,02_12_14/7th pic,-46.105,,,,-60,,,,,,,,,,,,,,,33.94
10,02-12-23-06-09,02-12-23-06-09,yes,1,12,,,,33.933,29.841,5.5498,6114.3,02_12_14/8th pic,,,,,-60,,,,,,,,,,,,,,,33.933
10,02-12-23-06-22,02-12-23-06-22,yes,15000,12,,,,33.933,29.841,5.5498,6114.3,02_12_14/8th pic,-49.828,,,,-60,,,,,,,,,,,,,,,33.933
10,02-13-00-17-38,02-13-00-17-38,yes,1,12,,,,33.919,29.827,4.6984,7219.3,02_12_14/9th pic,,,,,-60,,,,,,,,,,,,,,,33.919
10,02-13-00-17-56,02-13-00-17-56,yes,15000,12,,,,33.919,29.827,4.6984,7219.3,02_12_14/9th pic,-46.601,,,,-60,,,,,,,,,,,,,,,33.919
10,02-13-01-25-20,02-13-01-25-20,yes,1,12,,,,33.919,29.827,4.6984,7219.3,02_12_14/9th pic,,,,,-60,,,,,,,,,,,,,,,33.919
10,02-13-01-26-03,02-13-01-26-03,yes,150000,12,,,,33.919,29.827,4.6776,7251.4,02_12_14/10th pic,-46.188,,,,-60,,,,,,,,,,,,,,,33.919
11,03-10-16-59-26,03-10-16-59-26,yes,1,13,,,,33.958,29.866,4.6657,7278.2,03_10_14/1st pic,-51.143,,,,-60,,,,,,,,,,,,,,,
11,03-10-17-00-21,03-10-17-00-21,yes,1,13,,,,33.958,29.866,4.6657,7278.2,03_10_14/1st pic,,,,,-60,,,,,,,,,,,,,,,
11,03-10-17-00-36,03-10-17-00-36,yes,15000,13,,,,33.958,29.866,4.6657,7278.2,03_10_14/1st pic,,,,,-60,,,,,,,,,,,,,,,
11,03-10-22-53-08,03-10-22-53-08,yes,1,13,,,,33.959,29.867,33.959,7082.6,03_10_14/2nd pic,-49.392,,,,-60,,,,,,,,,,,,,,,
11,03-10-22-53-25,03-10-22-53-25,yes,15000,13,,,,33.959,29.867,33.959,7082.6,03_10_14/2nd pic,,,,,-60,,,,,,,,,,,,,,,
11,03-11-00-03-33,03-11-00-03-33,yes,1,13,,,,33.972,29.88,4.5703,7433.2,03_10_14/3rd pic,-47.502,,,,-65,,,,,,,,,,,,,,,
11,03-11-00-04-08,03-11-00-04-08,yes,1,13,,,,33.972,29.88,4.5703,7433.2,03_10_14/3rd pic,,,,,-67,,,,,,,,,,,,,,,
11,03-11-00-04-24,03-11-00-04-24,yes,1,13,,,,33.972,29.88,4.5703,7433.2,03_10_14/3rd pic,,,,,-70,,,,,,,,,,,,,,,
11,03-11-00-04-43,03-11-00-04-43,yes,15000,13,,,,33.972,29.88,4.5703,7433.2,03_10_14/3rd pic,,,,,-70,,,,,,,,,,,,,,,
11,03-11-01-15-29,03-11-01-15-29,yes,1,13,,,,33.978,29.886,,,,,,,,-70,,,,,,,,,,,,,,,
11,03-11-01-16-11,03-11-01-16-11,yes,1,13,,,,33.978,29.886,,,,,,,,-71,,,,,,,,,,,,,,,
11,03-11-01-16-33,03-11-01-16-33,yes,15000,13,,,,33.978,29.886,,,,,,,,-71,,,,,,,,,,,,,,,
11,03-11-02-49-32,03-11-02-49-32,yes,1,13,,,,33.987,29.895,4.7265,7190.8,03_10_14/5th pic,-48.744,,,,-71,,,,,,,,,,,,,,,
11,03-11-02-49-53,03-11-02-49-53,yes,15000,13,,,,33.987,29.895,4.7265,7190.8,,,,,,-71,,,,,,,,,,,,,,,
11,03-11-03-55-44,03-11-03-55-44,yes,1,13,,,,33.989,29.895,4.7265,7190.8,,,,,,-71,,,,,,,,,,,,,,,
11,03-11-04-00-26,03-11-04-00-26,yes,1,13,,,,33.982,29.89,4.4682,7605.4,03_10_14/6th pic,-48.352,,,,-71,,,,,,,,,,,,,,,
11,03-11-04-01-07,03-11-04-01-07,yes,15000,13,,,,33.982,29.89,4.4682,7605.4,,,,,,-71,,,,,,,,,,,,,,,
11,03-11-12-28-02,03-11-12-28-02,yes,1,13,,,,33.982,29.89,4.4682,7605.4,,,,,,-71,,,,,,,,,,,,,,,
11,03-11-12-29-27,03-11-12-29-27,yes,1,13,,,,33.987,29.895,4.4032,7718.7,03_11_14/2nd pic,-49.361,,,,-71,,,,,,,,,,,,,,,
11,03-11-12-29-50,03-11-12-29-50,yes,15000,13,,,,33.987,29.895,4.4032,7718.7,,,,,,-71,,,,,,,,,,,,,,,
11,03-11-15-08-36,03-11-15-08-36,yes,1,13,,,,33.987,29.895,4.4032,7718.7,,,,,,-71,,,,,,,,,,,,,,,
11,03-11-15-08-51,03-11-15-08-51,yes,1,13,,,,33.987,29.895,4.4032,7718.7,,,,,,-71,,,,,,,,,,,,,,,
11,03-11-15-09-09,03-11-15-09-09,yes,15000,13,,,,33.987,29.895,4.4032,7718.7,,,,,,-71,,,,,,,,,,,,,,,
11,03-11-16-39-22,03-11-16-39-22,yes,1,13,,,,33.985,29.893,4.2846,7931.8,03_11_14/3rd pic,-49.184,,,,-71,,,,,,,,,,,,,,,
11,03-11-16-39-35,03-11-16-39-35,yes,15000,13,,,,33.985,29.893,4.2846,7931.8,,,,,,-71,,,,,,,,,,,,,,,
11,03-11-17-54-20,03-11-17-54-20,yes,1,13,,,,33.99,29.898,4.4653,7612,03_11_14/4th pic,-50.452,,,,-71,,,,,,,,,,,,,,,
11,03-11-17-54-34,03-11-17-54-34,yes,15000,13,,,,33.99,29.898,4.4653,7612,,,,,,-71,,,,,,,,,,,,,,,
11,03-11-19-03-50,03-11-19-03-50,yes,1,13,,,,33.996,29.904,4.4339,7667.2,03_11_14/5th pic,-50.687,,,,-71,,,,,,,,,,,,,,,
11,03-11-19-04-09,03-11-19-04-09,yes,15000,13,,,,33.996,29.904,4.4339,7667.2,,,,,,-71,,,,,,,,,,,,,,,
11,03-11-20-55-16,03-11-20-55-16,yes,1,13,,,,34.008,29.916,4.0834,8328.4,03_11_14/6th pic,-48.056,,,,-71,,,,,,,,,,,,,,,
11,03-11-20-56-40,03-11-20-56-40,yes,15000,13,,,,34.008,29.916,4.0834,8328.4,,,,,,-71,,,,,,,,,,,,,,,
11,03-11-22-50-30,03-11-22-50-30,yes,1,13,,,,34.014,29.925,,,,,,,,-71,,,,,,,,,,,,,,,
11,03-11-22-52-25,03-11-22-52-25,yes,15000,13,,,,34.014,29.925,,,,,,,,-71,,,,,,,,,,,,,,,
11,03-12-01-03-33,03-12-01-03-33,yes,1,13,,,,34.018,29.929,4.6545,7308.6,03_11_14/8th pic,-50.176,,,,-71,,,,,,,,,,,,,,,
11,03-12-01-04-05,03-12-01-04-05,yes,15000,13,,,,34.018,29.929,4.6545,7308.6,,,,,,-71,,,,,,,,,,,,,,,
11,03-12-14-55-14,03-12-14-55-14,yes,1,13,,,,34.03,29.938,4.1554,8189.3,03_12_14/1st pic,-47.272,,,,-71,,,,,,,,,,,,,,,
11,03-12-14-56-03,03-12-14-56-03,yes,15000,13,,,,34.03,29.938,4.1554,8189.3,,,,,,-71,,,,,,,,,,,,,,,
11,03-12-16-17-33,03-12-16-17-33,yes,1,13,,,,34.042,29.95,4.6212,7366.4,03_12_14/2nd pic,-50.016,,,,-71,,,,,,,,,,,,,,,
11,03-12-16-34-33,03-12-16-34-33,yes,1,13,,,,34.042,29.95,4.6212,7366.4,,,,,,-71,,,,,,,,,,,,,,,
11,03-12-16-34-47,03-12-16-34-47,yes,15000,13,,,,34.042,29.95,4.6212,7366.4,,,,,,-71,,,,,,,,,,,,,,,
11,03-12-17-42-42,03-12-17-42-42,yes,1,13,,,,34.047,29.955,4.5039,7559.5,03_12_14/3rd pic,-50.175,,,,-71,,,,,,,,,,,,,,,
11,03-12-17-42-58,03-12-17-42-58,yes,15000,13,,,,34.047,29.955,4.5039,7559.5,,,,,,-71,,,,,,,,,,,,,,,
11,03-12-18-53-43,03-12-18-53-43,yes,1,13,,,,34.049,29.957,4.4632,7628.8,03_12_14/4th pic,-49.874,,,,-71,,,,,,,,,,,,,,,
11,03-12-18-53-57,03-12-18-53-57,yes,15000,13,,,,34.049,29.957,4.4632,7628.8,,,,,,-71,,,,,,,,,,,,,,,
11,03-12-20-13-46,03-12-20-13-46,yes,1,13,,,,34.113,30.021,4.3691,7807.9,03_12_14/5th pic,-51.041,,,,-71,,,,,,,,,,,,,,,
11,03-12-20-14-15,03-12-20-14-15,yes,1,13,,,,34.113,30.021,4.3691,7807.9,,,,,,-72,,,,,,,,,,,,,,,
11,03-12-20-14-42,03-12-20-14-42,yes,15000,13,,,,34.113,30.021,4.3691,7807.9,,,,,,-72,,,,,,,,,,,,,,,
11,03-12-22-10-21,03-12-22-10-21,yes,1,13,,,,34.115,30.023,4.3918,7767.7,03_12_14/6th pic,-51.204,,,,-72,,,,,,,,,,,,,,,
11,03-12-22-10-38,03-12-22-10-38,yes,15000,13,,,,34.115,30.023,4.3918,7767.7,,,,,,-72,,,,,,,,,,,,,,,
11,03-12-23-31-21,03-12-23-31-21,yes,1,13,,,,34.119,30.027,4.167,8187.9,03_12_14/7th pic,-50.047,,,,-72,,,,,,,,,,,,,,,
11,03-12-23-31-37,03-12-23-31-37,yes,15000,13,,,,34.119,30.027,4.167,8187.9,,,,,,-72,,,,,,,,,,,,,,,
11,03-13-00-45-43,03-13-00-45-43,yes,1,13,,,,34.127,30.035,4.521,7548.7,03_12_14/8th pic,-50.506,,,,-72,,,,,,,,,,,,,,,
11,03-13-00-45-57,03-13-00-45-57,yes,15000,13,,,,34.127,30.035,4.521,7548.7,,,,,,-72,,,,,,,,,,,,,,,
11,03-13-01-58-51,03-13-01-58-51,yes,1,13,,,,34.192,30.1,4.7418,7210.9,03_12_14/9th pic,-54.304,,,,-72,,,,,,,,,,,,,,,
11,03-13-01-59-11,03-13-01-59-11,yes,15000,13,,,,34.192,30.1,4.7418,7210.9,,,,,,-72,,,,,,,,,,,,,,,
11,03-13-04-06-10,03-13-04-06-10,yes,1,13,,,,34.28,30.188,4.2571,8018.5,03_12_14/10th pic,-57.596,,,,-72,,,,,,,,,,,,,,,
11,03-13-04-06-25,03-13-04-06-25,yes,15000,13,,,,34.28,30.188,4.2571,8018.5,,,,,,-72,,,,,,,,,,,,,,,
11,03-13-05-28-53,03-13-05-28-53,yes,1,13,,,,34.272,30.18,4.1667,8225.3,03_12_14/11th pic,-56.397,,,,-72,,,,,,,,,,,,,,,
11,03-13-05-29-12,03-13-05-29-12,yes,15000,13,,,,34.272,30.18,4.1667,8225.3,,,,,,-72,,,,,,,,,,,,,,,
11,03-13-06-53-14,03-13-06-53-14,yes,1,13,,,,34.269,30.177,4.285,7997.5,03_12_14/12th pic,-56.984,,,,-72,,,,,,,,,,,,,,,
11,03-13-06-53-45,03-13-06-53-45,yes,15000,13,,,,34.269,30.177,4.285,7997.5,,,,,,-72,,,,,,,,,,,,,,,
11,03-13-08-06-14,03-13-08-06-14,yes,1,13,,,,34.263,30.171,,,,,,,,-72,,,,,,,,,,,,,,,
11,03-13-08-06-25,03-13-08-06-25,yes,15000,13,,,,34.263,30.171,,,,,,,,-72,,,,,,,,,,,,,,,